Workbook

Sheet DatiOriginali
A1: SeqId | B1: BubbleSortNComp | C1: BubbleSortTns | D1: InsertionSortNComp | E1: InsertionSortTns | F1: MergeSortNComp | G1: MergeSortTns | H1: QuickSortNComp | I1: QuickSortTns | J1: QuickSortRandomNComp | K1: QuickSortRandomTns
A2: seq_50_0 | B2: 1225 | C2: 11250800 | D2: 672 | E2: 187400 | F2: 226 | G2: 462800 | H2: 216 | I2: 147400 | J2: 258 | K2: 213700
A3: seq_50_1 | B3: 1225 | C3: 307000 | D3: 620 | E3: 138800 | F3: 452 | G3: 339500 | H3: 477 | I3: 85600 | J3: 485 | K3: 141400
A4: seq_50_2 | B4: 1225 | C4: 728600 | D4: 752 | E4: 273300 | F4: 677 | G4: 327300 | H4: 705 | I4: 82500 | J4: 829 | K4: 161100
A5: seq_50_3 | B5: 1225 | C5: 396200 | D5: 733 | E5: 186100 | F5: 899 | G5: 229800 | H5: 965 | I5: 85600 | J5: 1089 | K5: 108100
A6: seq_50_4 | B6: 1225 | C6: 457000 | D6: 718 | E6: 211900 | F6: 1118 | G6: 243900 | H6: 1235 | I6: 118300 | J6: 1317 | K6: 155900
A7: seq_50_5 | B7: 1225 | C7: 438300 | D7: 653 | E7: 186100 | F7: 1340 | G7: 121700 | H7: 1497 | I7: 141800 | J7: 1587 | K7: 143800
A8: seq_50_6 | B8: 1225 | C8: 408500 | D8: 562 | E8: 168900 | F8: 1560 | G8: 64400 | H8: 1784 | I8: 187900 | J8: 1843 | K8: 185900
A9: seq_50_7 | B9: 1225 | C9: 302100 | D9: 615 | E9: 120000 | F9: 1778 | G9: 99800 | H9: 2047 | I9: 81400 | J9: 2113 | K9: 92900
A10: seq_50_8 | B10: 1225 | C10: 290700 | D10: 629 | E10: 118300 | F10: 1997 | G10: 32400 | H10: 2301 | I10: 75800 | J10: 2338 | K10: 75800
A11: seq_50_9 | B11: 1225 | C11: 533700 | D11: 743 | E11: 213800 | F11: 2217 | G11: 62700 | H11: 2565 | I11: 98400 | J11: 2569 | K11: 113600
A12: seq_50_10 | B12: 1225 | C12: 436900 | D12: 687 | E12: 198700 | F12: 2437 | G12: 59400 | H12: 2813 | I12: 103200 | J12: 2828 | K12: 120600
A13: seq_50_11 | B13: 1225 | C13: 438200 | D13: 600 | E13: 173700 | F13: 2658 | G13: 76100 | H13: 3082 | I13: 105800 | J13: 3114 | K13: 110800
... A3001: seq_1500_99 | B3001: 1124250 | C3001: 10753100 | D3001: 567226 | E3001: 2314600 | F3001: 20017984 | G3001: 693800 | H3001: 25242795 | I3001: 225100 | J3001: 25184344 | K3001: 230400

Sheet Quartile1
A1: n | B1: BubbleSortTns | C1: InsertionSortTns | D1: MergeSortTns | E1: QuickSortTns | F1: QuickSortRandomTns
A2: 50 | B2: =QUARTILE(DatiOriginali!C2:C101,1) -> 50625 | C2: =QUARTILE(DatiOriginali!E2:E101,1) -> 122950 | D2: =QUARTILE(DatiOriginali!G2:G101,1) -> 36500 | E2: =QUARTILE(DatiOriginali!I2:I101,1) -> 13275 | F2: =QUARTILE(DatiOriginali!K2:K101,1) -> 14900
A3: 100 | B3: =QUARTILE(DatiOriginali!C102:C201,1) -> 42100 | C3: =QUARTILE(DatiOriginali!E102:E201,1) -> 17400 | D3: =QUARTILE(DatiOriginali!G102:G201,1) -> 45100 | E3: =QUARTILE(DatiOriginali!I102:I201,1) -> 12375 | F3: =QUARTILE(DatiOriginali!K102:K201,1) -> 14375
A4: 150 | B4: =QUARTILE(DatiOriginali!C202:C301,1) -> 74550 | C4: =QUARTILE(DatiOriginali!E202:E301,1) -> 23175 | D4: =QUARTILE(DatiOriginali!G202:G301,1) -> 56650 | E4: =QUARTILE(DatiOriginali!I202:I301,1) -> 15200 | F4: =QUARTILE(DatiOriginali!K202:K301,1) -> 18775
A5: 200 | B5: =QUARTILE(DatiOriginali!C302:C401,1) -> 132350 | C5: =QUARTILE(DatiOriginali!E302:E401,1) -> 38600 | D5: =QUARTILE(DatiOriginali!G302:G401,1) -> 71375 | E5: =QUARTILE(DatiOriginali!I302:I401,1) -> 20200 | F5: =QUARTILE(DatiOriginali!K302:K401,1) -> 25100
A6: 250 | B6: =QUARTILE(DatiOriginali!C402:C501,1) -> 211125 | C6: =QUARTILE(DatiOriginali!E402:E501,1) -> 60500 | D6: =QUARTILE(DatiOriginali!G402:G501,1) -> 91025 | E6: =QUARTILE(DatiOriginali!I402:I501,1) -> 26100 | F6: =QUARTILE(DatiOriginali!K402:K501,1) -> 30200
A7: 300 | B7: =QUARTILE(DatiOriginali!C502:C601,1) -> 284950 | C7: =QUARTILE(DatiOriginali!E502:E601,1) -> 81650 | D7: =QUARTILE(DatiOriginali!G502:G601,1) -> 109325 | E7: =QUARTILE(DatiOriginali!I502:I601,1) -> 31800 | F7: =QUARTILE(DatiOriginali!K502:K601,1) -> 36400
A8: 350 | B8: =QUARTILE(DatiOriginali!C602:C701,1) -> 401975 | C8: =QUARTILE(DatiOriginali!E602:E701,1) -> 110600 | D8: =QUARTILE(DatiOriginali!G602:G701,1) -> 123700 | E8: =QUARTILE(DatiOriginali!I602:I701,1) -> 37000 | F8: =QUARTILE(DatiOriginali!K602:K701,1) -> 42600
A9: 400 | B9: =QUARTILE(DatiOriginali!C702:C801,1) -> 528625 | C9: =QUARTILE(DatiOriginali!E702:E801,1) -> 141900 | D9: =QUARTILE(DatiOriginali!G702:G801,1) -> 136025 | E9: =QUARTILE(DatiOriginali!I702:I801,1) -> 44575 | F9: =QUARTILE(DatiOriginali!K702:K801,1) -> 50175
A10: 450 | B10: =QUARTILE(DatiOriginali!C802:C901,1) -> 676300 | C10: =QUARTILE(DatiOriginali!E802:E901,1) -> 180650 | D10: =QUARTILE(DatiOriginali!G802:G901,1) -> 156675 | E10: =QUARTILE(DatiOriginali!I802:I901,1) -> 49675 | F10: =QUARTILE(DatiOriginali!K802:K901,1) -> 56175
A11: 500 | B11: =QUARTILE(DatiOriginali!C902:C1001,1) -> 858125 | C11: =QUARTILE(DatiOriginali!E902:E1001,1) -> 225800 | D11: =QUARTILE(DatiOriginali!G902:G1001,1) -> 171500 | E11: =QUARTILE(DatiOriginali!I902:I1001,1) -> 56500 | F11: =QUARTILE(DatiOriginali!K902:K1001,1) -> 64400
A12: 550 | B12: =QUARTILE(DatiOriginali!C1002:C1101,1) -> 1060900 | C12: =QUARTILE(DatiOriginali!E1002:E1101,1) -> 265850 | D12: =QUARTILE(DatiOriginali!G1002:G1101,1) -> 191050 | E12: =QUARTILE(DatiOriginali!I1002:I1101,1) -> 62475 | F12: =QUARTILE(DatiOriginali!K1002:K1101,1) -> 71100
A13: 600 | B13: =QUARTILE(DatiOriginali!C1102:C1201,1) -> 1289475 | C13: =QUARTILE(DatiOriginali!E1102:E1201,1) -> 315600 | D13: =QUARTILE(DatiOriginali!G1102:G1201,1) -> 210725 | E13: =QUARTILE(DatiOriginali!I1102:I1201,1) -> 69275 | F13: =QUARTILE(DatiOriginali!K1102:K1201,1) -> 77800
A14: 650 | B14: =QUARTILE(DatiOriginali!C1202:C1301,1) -> 1547425 | C14: =QUARTILE(DatiOriginali!E1202:E1301,1) -> 367975 | D14: =QUARTILE(DatiOriginali!G1202:G1301,1) -> 227400 | E14: =QUARTILE(DatiOriginali!I1202:I1301,1) -> 76875 | F14: =QUARTILE(DatiOriginali!K1202:K1301,1) -> 85375
A15: 700 | B15: =QUARTILE(DatiOriginali!C1302:C1401,1) -> 1832950 | C15: =QUARTILE(DatiOriginali!E1302:E1401,1) -> 422250 | D15: =QUARTILE(DatiOriginali!G1302:G1401,1) -> 247700 | E15: =QUARTILE(DatiOriginali!I1302:I1401,1) -> 83100 | F15: =QUARTILE(DatiOriginali!K1302:K1401,1) -> 93000
A16: 750 | B16: =QUARTILE(DatiOriginali!C1402:C1501,1) -> 2149175 | C16: =QUARTILE(DatiOriginali!E1402:E1501,1) -> 484600 | D16: =QUARTILE(DatiOriginali!G1402:G1501,1) -> 269600 | E16: =QUARTILE(DatiOriginali!I1402:I1501,1) -> 90400 | F16: =QUARTILE(DatiOriginali!K1402:K1501,1) -> 100375
A17: 800 | B17: =QUARTILE(DatiOriginali!C1502:C1601,1) -> 2491175 | C17: =QUARTILE(DatiOriginali!E1502:E1601,1) -> 553375 | D17: =QUARTILE(DatiOriginali!G1502:G1601,1) -> 290225 | E17: =QUARTILE(DatiOriginali!I1502:I1601,1) -> 97000 | F17: =QUARTILE(DatiOriginali!K1502:K1601,1) -> 108475
A18: 850 | B18: =QUARTILE(DatiOriginali!C1602:C1701,1) -> 2863150 | C18: =QUARTILE(DatiOriginali!E1602:E1701,1) -> 626275 | D18: =QUARTILE(DatiOriginali!G1602:G1701,1) -> 309900 | E18: =QUARTILE(DatiOriginali!I1602:I1701,1) -> 104350 | F18: =QUARTILE(DatiOriginali!K1602:K1701,1) -> 116000
A19: 900 | B19: =QUARTILE(DatiOriginali!C1702:C1801,1) -> 3252425 | C19: =QUARTILE(DatiOriginali!E1702:E1801,1) -> 698750 | D19: =QUARTILE(DatiOriginali!G1702:G1801,1) -> 326675 | E19: =QUARTILE(DatiOriginali!I1702:I1801,1) -> 111275 | F19: =QUARTILE(DatiOriginali!K1702:K1801,1) -> 123175
A20: 950 | B20: =QUARTILE(DatiOriginali!C1802:C1901,1) -> 3664250 | C20: =QUARTILE(DatiOriginali!E1802:E1901,1) -> 780150 | D20: =QUARTILE(DatiOriginali!G1802:G1901,1) -> 349650 | E20: =QUARTILE(DatiOriginali!I1802:I1901,1) -> 118500 | F20: =QUARTILE(DatiOriginali!K1802:K1901,1) -> 131000
A21: 1000 | B21: =QUARTILE(DatiOriginali!C1902:C2001,1) -> 4118650 | C21: =QUARTILE(DatiOriginali!E1902:E2001,1) -> 865375 | D21: =QUARTILE(DatiOriginali!G1902:G2001,1) -> 370400 | E21: =QUARTILE(DatiOriginali!I1902:I2001,1) -> 126600 | F21: =QUARTILE(DatiOriginali!K1902:K2001,1) -> 139500
A22: 1050 | B22: =QUARTILE(DatiOriginali!C2002:C2101,1) -> 4613275 | C22: =QUARTILE(DatiOriginali!E2002:E2101,1) -> 952650 | D22: =QUARTILE(DatiOriginali!G2002:G2101,1) -> 391600 | E22: =QUARTILE(DatiOriginali!I2002:I2101,1) -> 133500 | F22: =QUARTILE(DatiOriginali!K2002:K2101,1) -> 147500
A23: 1100 | B23: =QUARTILE(DatiOriginali!C2102:C2201,1) -> 5143300 | C23: =QUARTILE(DatiOriginali!E2102:E2201,1) -> 1047725 | D23: =QUARTILE(DatiOriginali!G2102:G2201,1) -> 415175 | E23: =QUARTILE(DatiOriginali!I2102:I2201,1) -> 140700 | F23: =QUARTILE(DatiOriginali!K2102:K2201,1) -> 155900
A24: 1150 | B24: =QUARTILE(DatiOriginali!C2202:C2301,1) -> 5660850 | C24: =QUARTILE(DatiOriginali!E2202:E2301,1) -> 1143675 | D24: =QUARTILE(DatiOriginali!G2202:G2301,1) -> 434275 | E24: =QUARTILE(DatiOriginali!I2202:I2301,1) -> 147975 | F24: =QUARTILE(DatiOriginali!K2202:K2301,1) -> 163475
A25: 1200 | B25: =QUARTILE(DatiOriginali!C2302:C2401,1) -> 6220350 | C25: =QUARTILE(DatiOriginali!E2302:E2401,1) -> 1242700 | D25: =QUARTILE(DatiOriginali!G2302:G2401,1) -> 456450 | E25: =QUARTILE(DatiOriginali!I2302:I2401,1) -> 155400 | F25: =QUARTILE(DatiOriginali!K2302:K2401,1) -> 171375
A26: 1250 | B26: =QUARTILE(DatiOriginali!C2402:C2501,1) -> 6828875 | C26: =QUARTILE(DatiOriginali!E2402:E2501,1) -> 1347250 | D26: =QUARTILE(DatiOriginali!G2402:G2501,1) -> 474475 | E26: =QUARTILE(DatiOriginali!I2402:I2501,1) -> 164650 | F26: =QUARTILE(DatiOriginali!K2402:K2501,1) -> 180650
A27: 1300 | B27: =QUARTILE(DatiOriginali!C2502:C2601,1) -> 7492875 | C27: =QUARTILE(DatiOriginali!E2502:E2601,1) -> 1461750 | D27: =QUARTILE(DatiOriginali!G2502:G2601,1) -> 493850 | E27: =QUARTILE(DatiOriginali!I2502:I2601,1) -> 173400 | F27: =QUARTILE(DatiOriginali!K2502:K2601,1) -> 188175
A28: 1350 | B28: =QUARTILE(DatiOriginali!C2602:C2701,1) -> 8154875 | C28: =QUARTILE(DatiOriginali!E2602:E2701,1) -> 1576650 | D28: =QUARTILE(DatiOriginali!G2602:G2701,1) -> 517875 | E28: =QUARTILE(DatiOriginali!I2602:I2701,1) -> 177975 | F28: =QUARTILE(DatiOriginali!K2602:K2701,1) -> 196200
A29: 1400 | B29: =QUARTILE(DatiOriginali!C2702:C2801,1) -> 8828550 | C29: =QUARTILE(DatiOriginali!E2702:E2801,1) -> 1690100 | D29: =QUARTILE(DatiOriginali!G2702:G2801,1) -> 541750 | E29: =QUARTILE(DatiOriginali!I2702:I2801,1) -> 185900 | F29: =QUARTILE(DatiOriginali!K2702:K2801,1) -> 205475
A30: 1450 | B30: =QUARTILE(DatiOriginali!C2802:C2901,1) -> 9570425 | C30: =QUARTILE(DatiOriginali!E2802:E2901,1) -> 1806050 | D30: =QUARTILE(DatiOriginali!G2802:G2901,1) -> 563075 | E30: =QUARTILE(DatiOriginali!I2802:I2901,1) -> 193950 | F30: =QUARTILE(DatiOriginali!K2802:K2901,1) -> 213125
A31: 1500 | B31: =QUARTILE(DatiOriginali!C2902:C3001,1) -> 10336100 | C31: =QUARTILE(DatiOriginali!E2902:E3001,1) -> 1944375 | D31: =QUARTILE(DatiOriginali!G2902:G3001,1) -> 579775 | E31: =QUARTILE(DatiOriginali!I2902:I3001,1) -> 200875 | F31: =QUARTILE(DatiOriginali!K2902:K3001,1) -> 221900
A1048576: =SUM(A2:A1048575) -> 23250

Sheet Quartile3
A1: n | B1: BubbleSortTns | C1: InsertionSortTns | D1: MergeSortTns | E1: QuickSortTns | F1: QuickSortRandomTns
A2: 50 | B2: =QUARTILE(DatiOriginali!C2:C101,3) -> 321500 | C2: =QUARTILE(DatiOriginali!E2:E101,3) -> 176850 | D2: =QUARTILE(DatiOriginali!G2:G101,3) -> 144000 | E2: =QUARTILE(DatiOriginali!I2:I101,3) -> 75950 | F2: =QUARTILE(DatiOriginali!K2:K101,3) -> 29850
A3: 100 | B3: =QUARTILE(DatiOriginali!C102:C201,3) -> 50275 | C3: =QUARTILE(DatiOriginali!E102:E201,3) -> 135125 | D3: =QUARTILE(DatiOriginali!G102:G201,3) -> 63300 | E3: =QUARTILE(DatiOriginali!I102:I201,3) -> 14000 | F3: =QUARTILE(DatiOriginali!K102:K201,3) -> 19000
A4: 150 | B4: =QUARTILE(DatiOriginali!C202:C301,3) -> 90725 | C4: =QUARTILE(DatiOriginali!E202:E301,3) -> 28925 | D4: =QUARTILE(DatiOriginali!G202:G301,3) -> 74650 | E4: =QUARTILE(DatiOriginali!I202:I301,3) -> 19000 | F4: =QUARTILE(DatiOriginali!K202:K301,3) -> 23325
A5: 200 | B5: =QUARTILE(DatiOriginali!C302:C401,3) -> 166700 | C5: =QUARTILE(DatiOriginali!E302:E401,3) -> 57625 | D5: =QUARTILE(DatiOriginali!G302:G401,3) -> 94075 | E5: =QUARTILE(DatiOriginali!I302:I401,3) -> 25725 | F5: =QUARTILE(DatiOriginali!K302:K401,3) -> 32325
A6: 250 | B6: =QUARTILE(DatiOriginali!C402:C501,3) -> 265775 | C6: =QUARTILE(DatiOriginali!E402:E501,3) -> 86725 | D6: =QUARTILE(DatiOriginali!G402:G501,3) -> 124150 | E6: =QUARTILE(DatiOriginali!I402:I501,3) -> 32600 | F6: =QUARTILE(DatiOriginali!K402:K501,3) -> 37200
A7: 300 | B7: =QUARTILE(DatiOriginali!C502:C601,3) -> 325600 | C7: =QUARTILE(DatiOriginali!E502:E601,3) -> 92475 | D7: =QUARTILE(DatiOriginali!G502:G601,3) -> 122025 | E7: =QUARTILE(DatiOriginali!I502:I601,3) -> 33425 | F7: =QUARTILE(DatiOriginali!K502:K601,3) -> 38875
A8: 350 | B8: =QUARTILE(DatiOriginali!C602:C701,3) -> 462000 | C8: =QUARTILE(DatiOriginali!E602:E701,3) -> 131750 | D8: =QUARTILE(DatiOriginali!G602:G701,3) -> 153325 | E8: =QUARTILE(DatiOriginali!I602:I701,3) -> 44400 | F8: =QUARTILE(DatiOriginali!K602:K701,3) -> 50900
A9: 400 | B9: =QUARTILE(DatiOriginali!C702:C801,3) -> 615425 | C9: =QUARTILE(DatiOriginali!E702:E801,3) -> 158675 | D9: =QUARTILE(DatiOriginali!G702:G801,3) -> 164400 | E9: =QUARTILE(DatiOriginali!I702:I801,3) -> 52125 | F9: =QUARTILE(DatiOriginali!K702:K801,3) -> 57900
A10: 450 | B10: =QUARTILE(DatiOriginali!C802:C901,3) -> 789200 | C10: =QUARTILE(DatiOriginali!E802:E901,3) -> 217350 | D10: =QUARTILE(DatiOriginali!G802:G901,3) -> 182850 | E10: =QUARTILE(DatiOriginali!I802:I901,3) -> 56000 | F10: =QUARTILE(DatiOriginali!K802:K901,3) -> 59550
A11: 500 | B11: =QUARTILE(DatiOriginali!C902:C1001,3) -> 1038725 | C11: =QUARTILE(DatiOriginali!E902:E1001,3) -> 268600 | D11: =QUARTILE(DatiOriginali!G902:G1001,3) -> 203750 | E11: =QUARTILE(DatiOriginali!I902:I1001,3) -> 66075 | F11: =QUARTILE(DatiOriginali!K902:K1001,3) -> 72250
A12: 550 | B12: =QUARTILE(DatiOriginali!C1002:C1101,3) -> 1253525 | C12: =QUARTILE(DatiOriginali!E1002:E1101,3) -> 317100 | D12: =QUARTILE(DatiOriginali!G1002:G1101,3) -> 204200 | E12: =QUARTILE(DatiOriginali!I1002:I1101,3) -> 65925 | F12: =QUARTILE(DatiOriginali!K1002:K1101,3) -> 75000
A13: 600 | B13: =QUARTILE(DatiOriginali!C1102:C1201,3) -> 1519350 | C13: =QUARTILE(DatiOriginali!E1102:E1201,3) -> 338225 | D13: =QUARTILE(DatiOriginali!G1102:G1201,3) -> 218300 | E13: =QUARTILE(DatiOriginali!I1102:I1201,3) -> 71775 | F13: =QUARTILE(DatiOriginali!K1102:K1201,3) -> 81100
A14: 650 | B14: =QUARTILE(DatiOriginali!C1202:C1301,3) -> 1767125 | C14: =QUARTILE(DatiOriginali!E1202:E1301,3) -> 395875 | D14: =QUARTILE(DatiOriginali!G1202:G1301,3) -> 232325 | E14: =QUARTILE(DatiOriginali!I1202:I1301,3) -> 79200 | F14: =QUARTILE(DatiOriginali!K1202:K1301,3) -> 88200
A15: 700 | B15: =QUARTILE(DatiOriginali!C1302:C1401,3) -> 2066300 | C15: =QUARTILE(DatiOriginali!E1302:E1401,3) -> 453300 | D15: =QUARTILE(DatiOriginali!G1302:G1401,3) -> 253025 | E15: =QUARTILE(DatiOriginali!I1302:I1401,3) -> 85625 | F15: =QUARTILE(DatiOriginali!K1302:K1401,3) -> 96775
A16: 750 | B16: =QUARTILE(DatiOriginali!C1402:C1501,3) -> 2404725 | C16: =QUARTILE(DatiOriginali!E1402:E1501,3) -> 509475 | D16: =QUARTILE(DatiOriginali!G1402:G1501,3) -> 274925 | E16: =QUARTILE(DatiOriginali!I1402:I1501,3) -> 94625 | F16: =QUARTILE(DatiOriginali!K1402:K1501,3) -> 104150
A17: 800 | B17: =QUARTILE(DatiOriginali!C1502:C1601,3) -> 2643050 | C17: =QUARTILE(DatiOriginali!E1502:E1601,3) -> 580550 | D17: =QUARTILE(DatiOriginali!G1502:G1601,3) -> 296150 | E17: =QUARTILE(DatiOriginali!I1502:I1601,3) -> 100950 | F17: =QUARTILE(DatiOriginali!K1502:K1601,3) -> 112125
A18: 850 | B18: =QUARTILE(DatiOriginali!C1602:C1701,3) -> 3097325 | C18: =QUARTILE(DatiOriginali!E1602:E1701,3) -> 656875 | D18: =QUARTILE(DatiOriginali!G1602:G1701,3) -> 316425 | E18: =QUARTILE(DatiOriginali!I1602:I1701,3) -> 106900 | F18: =QUARTILE(DatiOriginali!K1602:K1701,3) -> 119375
A19: 900 | B19: =QUARTILE(DatiOriginali!C1702:C1801,3) -> 3431050 | C19: =QUARTILE(DatiOriginali!E1702:E1801,3) -> 725350 | D19: =QUARTILE(DatiOriginali!G1702:G1801,3) -> 332750 | E19: =QUARTILE(DatiOriginali!I1702:I1801,3) -> 114950 | F19: =QUARTILE(DatiOriginali!K1702:K1801,3) -> 127900
A20: 950 | B20: =QUARTILE(DatiOriginali!C1802:C1901,3) -> 3965225 | C20: =QUARTILE(DatiOriginali!E1802:E1901,3) -> 810400 | D20: =QUARTILE(DatiOriginali!G1802:G1901,3) -> 355625 | E20: =QUARTILE(DatiOriginali!I1802:I1901,3) -> 122725 | F20: =QUARTILE(DatiOriginali!K1802:K1901,3) -> 136400
A21: 1000 | B21: =QUARTILE(DatiOriginali!C1902:C2001,3) -> 4375275 | C21: =QUARTILE(DatiOriginali!E1902:E2001,3) -> 915600 | D21: =QUARTILE(DatiOriginali!G1902:G2001,3) -> 379775 | E21: =QUARTILE(DatiOriginali!I1902:I2001,3) -> 131600 | F21: =QUARTILE(DatiOriginali!K1902:K2001,3) -> 144800
A22: 1050 | B22: =QUARTILE(DatiOriginali!C2002:C2101,3) -> 4928475 | C22: =QUARTILE(DatiOriginali!E2002:E2101,3) -> 1005625 | D22: =QUARTILE(DatiOriginali!G2002:G2101,3) -> 402750 | E22: =QUARTILE(DatiOriginali!I2002:I2101,3) -> 138425 | F22: =QUARTILE(DatiOriginali!K2002:K2101,3) -> 151700
A23: 1100 | B23: =QUARTILE(DatiOriginali!C2102:C2201,3) -> 5416100 | C23: =QUARTILE(DatiOriginali!E2102:E2201,3) -> 1092250 | D23: =QUARTILE(DatiOriginali!G2102:G2201,3) -> 424400 | E23: =QUARTILE(DatiOriginali!I2102:I2201,3) -> 145700 | F23: =QUARTILE(DatiOriginali!K2102:K2201,3) -> 160775
A24: 1150 | B24: =QUARTILE(DatiOriginali!C2202:C2301,3) -> 5980025 | C24: =QUARTILE(DatiOriginali!E2202:E2301,3) -> 1193975 | D24: =QUARTILE(DatiOriginali!G2202:G2301,3) -> 442100 | E24: =QUARTILE(DatiOriginali!I2202:I2301,3) -> 152150 | F24: =QUARTILE(DatiOriginali!K2202:K2301,3) -> 170425
A25: 1200 | B25: =QUARTILE(DatiOriginali!C2302:C2401,3) -> 6506775 | C25: =QUARTILE(DatiOriginali!E2302:E2401,3) -> 1301225 | D25: =QUARTILE(DatiOriginali!G2302:G2401,3) -> 462800 | E25: =QUARTILE(DatiOriginali!I2302:I2401,3) -> 160250 | F25: =QUARTILE(DatiOriginali!K2302:K2401,3) -> 176400
A26: 1250 | B26: =QUARTILE(DatiOriginali!C2402:C2501,3) -> 7205975 | C26: =QUARTILE(DatiOriginali!E2402:E2501,3) -> 1440250 | D26: =QUARTILE(DatiOriginali!G2402:G2501,3) -> 486325 | E26: =QUARTILE(DatiOriginali!I2402:I2501,3) -> 170425 | F26: =QUARTILE(DatiOriginali!K2402:K2501,3) -> 186050
A27: 1300 | B27: =QUARTILE(DatiOriginali!C2502:C2601,3) -> 7844075 | C27: =QUARTILE(DatiOriginali!E2502:E2601,3) -> 1530500 | D27: =QUARTILE(DatiOriginali!G2502:G2601,3) -> 505025 | E27: =QUARTILE(DatiOriginali!I2502:I2601,3) -> 179225 | F27: =QUARTILE(DatiOriginali!K2502:K2601,3) -> 193725
A28: 1350 | B28: =QUARTILE(DatiOriginali!C2602:C2701,3) -> 8459475 | C28: =QUARTILE(DatiOriginali!E2602:E2701,3) -> 1634075 | D28: =QUARTILE(DatiOriginali!G2602:G2701,3) -> 528375 | E28: =QUARTILE(DatiOriginali!I2602:I2701,3) -> 183700 | F28: =QUARTILE(DatiOriginali!K2602:K2701,3) -> 201975
A29: 1400 | B29: =QUARTILE(DatiOriginali!C2702:C2801,3) -> 9161750 | C29: =QUARTILE(DatiOriginali!E2702:E2801,3) -> 1806575 | D29: =QUARTILE(DatiOriginali!G2702:G2801,3) -> 555600 | E29: =QUARTILE(DatiOriginali!I2702:I2801,3) -> 191100 | F29: =QUARTILE(DatiOriginali!K2702:K2801,3) -> 212600
A30: 1450 | B30: =QUARTILE(DatiOriginali!C2802:C2901,3) -> 10092700 | C30: =QUARTILE(DatiOriginali!E2802:E2901,3) -> 1908725 | D30: =QUARTILE(DatiOriginali!G2802:G2901,3) -> 574950 | E30: =QUARTILE(DatiOriginali!I2802:I2901,3) -> 200550 | F30: =QUARTILE(DatiOriginali!K2802:K2901,3) -> 220675
A31: 1500 | B31: =QUARTILE(DatiOriginali!C2902:C3001,3) -> 10776150 | C31: =QUARTILE(DatiOriginali!E2902:E3001,3) -> 2068225 | D31: =QUARTILE(DatiOriginali!G2902:G3001,3) -> 591750 | E31: =QUARTILE(DatiOriginali!I2902:I3001,3) -> 208000 | F31: =QUARTILE(DatiOriginali!K2902:K3001,3) -> 228025

Sheet SogliaPicchi
A1: n | B1: BubbleSortTns | C1: InsertionSortTns | D1: MergeSortTns | E1: QuickSortTns | F1: QuickSortRandomTns | G1: COSTANTE
A2: 50 | B2: =Quartile3!B2 + G2 * (Quartile3!B2 - Quartile1!B2) -> 1134125 | C2: =Quartile3!C2 + G2 * (Quartile3!C2 - Quartile1!C2) -> 338550 | D2: =Quartile3!D2 + G2 * (Quartile3!D2 - Quartile1!D2) -> 466500 | E2: =Quartile3!E2 + G2 * (Quartile3!E2 - Quartile1!E2) -> 263975 | F2: =Quartile3!F2 + G2 * (Quartile3!F2 - Quartile1!F2) -> 74700 | G2: 3
A3: 100 | B3: =Quartile3!B3 + G3 * (Quartile3!B3 - Quartile1!B3) -> 74800 | C3: =Quartile3!C3 + G3 * (Quartile3!C3 - Quartile1!C3) -> 488300 | D3: =Quartile3!D3 + G3 * (Quartile3!D3 - Quartile1!D3) -> 117900 | E3: =Quartile3!E3 + G3 * (Quartile3!E3 - Quartile1!E3) -> 18875 | F3: =Quartile3!F3 + G3 * (Quartile3!F3 - Quartile1!F3) -> 32875 | G3: 3
A4: 150 | B4: =Quartile3!B4 + G4 * (Quartile3!B4 - Quartile1!B4) -> 139250 | C4: =Quartile3!C4 + G4 * (Quartile3!C4 - Quartile1!C4) -> 46175 | D4: =Quartile3!D4 + G4 * (Quartile3!D4 - Quartile1!D4) -> 128650 | E4: =Quartile3!E4 + G4 * (Quartile3!E4 - Quartile1!E4) -> 30400 | F4: =Quartile3!F4 + G4 * (Quartile3!F4 - Quartile1!F4) -> 36975 | G4: 3
A5: 200 | B5: =Quartile3!B5 + G5 * (Quartile3!B5 - Quartile1!B5) -> 269750 | C5: =Quartile3!C5 + G5 * (Quartile3!C5 - Quartile1!C5) -> 114700 | D5: =Quartile3!D5 + G5 * (Quartile3!D5 - Quartile1!D5) -> 162175 | E5: =Quartile3!E5 + G5 * (Quartile3!E5 - Quartile1!E5) -> 42300 | F5: =Quartile3!F5 + G5 * (Quartile3!F5 - Quartile1!F5) -> 54000 | G5: 3
A6: 250 | B6: =Quartile3!B6 + G6 * (Quartile3!B6 - Quartile1!B6) -> 429725 | C6: =Quartile3!C6 + G6 * (Quartile3!C6 - Quartile1!C6) -> 165400 | D6: =Quartile3!D6 + G6 * (Quartile3!D6 - Quartile1!D6) -> 223525 | E6: =Quartile3!E6 + G6 * (Quartile3!E6 - Quartile1!E6) -> 52100 | F6: =Quartile3!F6 + G6 * (Quartile3!F6 - Quartile1!F6) -> 58200 | G6: 3
A7: 300 | B7: =Quartile3!B7 + G7 * (Quartile3!B7 - Quartile1!B7) -> 447550 | C7: =Quartile3!C7 + G7 * (Quartile3!C7 - Quartile1!C7) -> 124950 | D7: =Quartile3!D7 + G7 * (Quartile3!D7 - Quartile1!D7) -> 160125 | E7: =Quartile3!E7 + G7 * (Quartile3!E7 - Quartile1!E7) -> 38300 | F7: =Quartile3!F7 + G7 * (Quartile3!F7 - Quartile1!F7) -> 46300 | G7: 3
A8: 350 | B8: =Quartile3!B8 + G8 * (Quartile3!B8 - Quartile1!B8) -> 642075 | C8: =Quartile3!C8 + G8 * (Quartile3!C8 - Quartile1!C8) -> 195200 | D8: =Quartile3!D8 + G8 * (Quartile3!D8 - Quartile1!D8) -> 242200 | E8: =Quartile3!E8 + G8 * (Quartile3!E8 - Quartile1!E8) -> 66600 | F8: =Quartile3!F8 + G8 * (Quartile3!F8 - Quartile1!F8) -> 75800 | G8: 3
A9: 400 | B9: =Quartile3!B9 + G9 * (Quartile3!B9 - Quartile1!B9) -> 875825 | C9: =Quartile3!C9 + G9 * (Quartile3!C9 - Quartile1!C9) -> 209000 | D9: =Quartile3!D9 + G9 * (Quartile3!D9 - Quartile1!D9) -> 249525 | E9: =Quartile3!E9 + G9 * (Quartile3!E9 - Quartile1!E9) -> 74775 | F9: =Quartile3!F9 + G9 * (Quartile3!F9 - Quartile1!F9) -> 81075 | G9: 3
A10: 450 | B10: =Quartile3!B10 + G10 * (Quartile3!B10 - Quartile1!B10) -> 1127900 | C10: =Quartile3!C10 + G10 * (Quartile3!C10 - Quartile1!C10) -> 327450 | D10: =Quartile3!D10 + G10 * (Quartile3!D10 - Quartile1!D10) -> 261375 | E10: =Quartile3!E10 + G10 * (Quartile3!E10 - Quartile1!E10) -> 74975 | F10: =Quartile3!F10 + G10 * (Quartile3!F10 - Quartile1!F10) -> 69675 | G10: 3
A11: 500 | B11: =Quartile3!B11 + G11 * (Quartile3!B11 - Quartile1!B11) -> 1580525 | C11: =Quartile3!C11 + G11 * (Quartile3!C11 - Quartile1!C11) -> 397000 | D11: =Quartile3!D11 + G11 * (Quartile3!D11 - Quartile1!D11) -> 300500 | E11: =Quartile3!E11 + G11 * (Quartile3!E11 - Quartile1!E11) -> 94800 | F11: =Quartile3!F11 + G11 * (Quartile3!F11 - Quartile1!F11) -> 95800 | G11: 3
A12: 550 | B12: =Quartile3!B12 + G12 * (Quartile3!B12 - Quartile1!B12) -> 1831400 | C12: =Quartile3!C12 + G12 * (Quartile3!C12 - Quartile1!C12) -> 470850 | D12: =Quartile3!D12 + G12 * (Quartile3!D12 - Quartile1!D12) -> 243650 | E12: =Quartile3!E12 + G12 * (Quartile3!E12 - Quartile1!E12) -> 76275 | F12: =Quartile3!F12 + G12 * (Quartile3!F12 - Quartile1!F12) -> 86700 | G12: 3
A13: 600 | B13: =Quartile3!B13 + G13 * (Quartile3!B13 - Quartile1!B13) -> 2208975 | C13: =Quartile3!C13 + G13 * (Quartile3!C13 - Quartile1!C13) -> 406100 | D13: =Quartile3!D13 + G13 * (Quartile3!D13 - Quartile1!D13) -> 241025 | E13: =Quartile3!E13 + G13 * (Quartile3!E13 - Quartile1!E13) -> 79275 | F13: =Quartile3!F13 + G13 * (Quartile3!F13 - Quartile1!F13) -> 91000 | G13: 3
... A31: 1500 | B31: =Quartile3!B31 + G31 * (Quartile3!B31 - Quartile1!B31) -> 12096300 | C31: =Quartile3!C31 + G31 * (Quartile3!C31 - Quartile1!C31) -> 2439775 | D31: =Quartile3!D31 + G31 * (Quartile3!D31 - Quartile1!D31) -> 627675 | E31: =Quartile3!E31 + G31 * (Quartile3!E31 - Quartile1!E31) -> 229375 | F31: =Quartile3!F31 + G31 * (Quartile3!F31 - Quartile1!F31) -> 246400 | G31: 3

Sheet DatiRipuliti
A1: SeqId | B1: BubbleSortNComp | C1: BubbleSortTns | D1: InsertionSortNComp | E1: InsertionSortTns | F1: MergeSortNComp | G1: MergeSortTns | H1: QuickSortNComp | I1: QuickSortTns | J1: QuickSortRandomNComp | K1: QuickSortRandomTns
A2: seq_50_0 | B2: 1225 | C2: =IF(DatiOriginali!C2 >= SogliaPicchi!$B$2,"",DatiOriginali!C2) | D2: 672 | E2: =IF(DatiOriginali!E2 >= SogliaPicchi!$B$2,"",DatiOriginali!E2) -> 187400 | F2: 226 | G2: =IF(DatiOriginali!G2 >= SogliaPicchi!$B$2,"",DatiOriginali!G2) -> 462800 | H2: 216 | I2: =IF(DatiOriginali!I2 >= SogliaPicchi!$B$2,"",DatiOriginali!I2) -> 147400 | J2: 258 | K2: =IF(DatiOriginali!K2 >= SogliaPicchi!$B$2,"",DatiOriginali!K2) -> 213700
A3: seq_50_1 | B3: 1225 | C3: =IF(DatiOriginali!C3 >= SogliaPicchi!$B$2,"",DatiOriginali!C3) -> 307000 | D3: 620 | E3: =IF(DatiOriginali!E3 >= SogliaPicchi!$B$2,"",DatiOriginali!E3) -> 138800 | F3: 452 | G3: =IF(DatiOriginali!G3 >= SogliaPicchi!$B$2,"",DatiOriginali!G3) -> 339500 | H3: 477 | I3: =IF(DatiOriginali!I3 >= SogliaPicchi!$B$2,"",DatiOriginali!I3) -> 85600 | J3: 485 | K3: =IF(DatiOriginali!K3 >= SogliaPicchi!$B$2,"",DatiOriginali!K3) -> 141400
A4: seq_50_2 | B4: 1225 | C4: =IF(DatiOriginali!C4 >= SogliaPicchi!$B$2,"",DatiOriginali!C4) -> 728600 | D4: 752 | E4: =IF(DatiOriginali!E4 >= SogliaPicchi!$B$2,"",DatiOriginali!E4) -> 273300 | F4: 677 | G4: =IF(DatiOriginali!G4 >= SogliaPicchi!$B$2,"",DatiOriginali!G4) -> 327300 | H4: 705 | I4: =IF(DatiOriginali!I4 >= SogliaPicchi!$B$2,"",DatiOriginali!I4) -> 82500 | J4: 829 | K4: =IF(DatiOriginali!K4 >= SogliaPicchi!$B$2,"",DatiOriginali!K4) -> 161100
A5: seq_50_3 | B5: 1225 | C5: =IF(DatiOriginali!C5 >= SogliaPicchi!$B$2,"",DatiOriginali!C5) -> 396200 | D5: 733 | E5: =IF(DatiOriginali!E5 >= SogliaPicchi!$B$2,"",DatiOriginali!E5) -> 186100 | F5: 899 | G5: =IF(DatiOriginali!G5 >= SogliaPicchi!$B$2,"",DatiOriginali!G5) -> 229800 | H5: 965 | I5: =IF(DatiOriginali!I5 >= SogliaPicchi!$B$2,"",DatiOriginali!I5) -> 85600 | J5: 1089 | K5: =IF(DatiOriginali!K5 >= SogliaPicchi!$B$2,"",DatiOriginali!K5) -> 108100
A6: seq_50_4 | B6: 1225 | C6: =IF(DatiOriginali!C6 >= SogliaPicchi!$B$2,"",DatiOriginali!C6) -> 457000 | D6: 718 | E6: =IF(DatiOriginali!E6 >= SogliaPicchi!$B$2,"",DatiOriginali!E6) -> 211900 | F6: 1118 | G6: =IF(DatiOriginali!G6 >= SogliaPicchi!$B$2,"",DatiOriginali!G6) -> 243900 | H6: 1235 | I6: =IF(DatiOriginali!I6 >= SogliaPicchi!$B$2,"",DatiOriginali!I6) -> 118300 | J6: 1317 | K6: =IF(DatiOriginali!K6 >= SogliaPicchi!$B$2,"",DatiOriginali!K6) -> 155900
A7: seq_50_5 | B7: 1225 | C7: =IF(DatiOriginali!C7 >= SogliaPicchi!$B$2,"",DatiOriginali!C7) -> 438300 | D7: 653 | E7: =IF(DatiOriginali!E7 >= SogliaPicchi!$B$2,"",DatiOriginali!E7) -> 186100 | F7: 1340 | G7: =IF(DatiOriginali!G7 >= SogliaPicchi!$B$2,"",DatiOriginali!G7) -> 121700 | H7: 1497 | I7: =IF(DatiOriginali!I7 >= SogliaPicchi!$B$2,"",DatiOriginali!I7) -> 141800 | J7: 1587 | K7: =IF(DatiOriginali!K7 >= SogliaPicchi!$B$2,"",DatiOriginali!K7) -> 143800
A8: seq_50_6 | B8: 1225 | C8: =IF(DatiOriginali!C8 >= SogliaPicchi!$B$2,"",DatiOriginali!C8) -> 408500 | D8: 562 | E8: =IF(DatiOriginali!E8 >= SogliaPicchi!$B$2,"",DatiOriginali!E8) -> 168900 | F8: 1560 | G8: =IF(DatiOriginali!G8 >= SogliaPicchi!$B$2,"",DatiOriginali!G8) -> 64400 | H8: 1784 | I8: =IF(DatiOriginali!I8 >= SogliaPicchi!$B$2,"",DatiOriginali!I8) -> 187900 | J8: 1843 | K8: =IF(DatiOriginali!K8 >= SogliaPicchi!$B$2,"",DatiOriginali!K8) -> 185900
A9: seq_50_7 | B9: 1225 | C9: =IF(DatiOriginali!C9 >= SogliaPicchi!$B$2,"",DatiOriginali!C9) -> 302100 | D9: 615 | E9: =IF(DatiOriginali!E9 >= SogliaPicchi!$B$2,"",DatiOriginali!E9) -> 120000 | F9: 1778 | G9: =IF(DatiOriginali!G9 >= SogliaPicchi!$B$2,"",DatiOriginali!G9) -> 99800 | H9: 2047 | I9: =IF(DatiOriginali!I9 >= SogliaPicchi!$B$2,"",DatiOriginali!I9) -> 81400 | J9: 2113 | K9: =IF(DatiOriginali!K9 >= SogliaPicchi!$B$2,"",DatiOriginali!K9) -> 92900
A10: seq_50_8 | B10: 1225 | C10: =IF(DatiOriginali!C10 >= SogliaPicchi!$B$2,"",DatiOriginali!C10) -> 290700 | D10: 629 | E10: =IF(DatiOriginali!E10 >= SogliaPicchi!$B$2,"",DatiOriginali!E10) -> 118300 | F10: 1997 | G10: =IF(DatiOriginali!G10 >= SogliaPicchi!$B$2,"",DatiOriginali!G10) -> 32400 | H10: 2301 | I10: =IF(DatiOriginali!I10 >= SogliaPicchi!$B$2,"",DatiOriginali!I10) -> 75800 | J10: 2338 | K10: =IF(DatiOriginali!K10 >= SogliaPicchi!$B$2,"",DatiOriginali!K10) -> 75800
A11: seq_50_9 | B11: 1225 | C11: =IF(DatiOriginali!C11 >= SogliaPicchi!$B$2,"",DatiOriginali!C11) -> 533700 | D11: 743 | E11: =IF(DatiOriginali!E11 >= SogliaPicchi!$B$2,"",DatiOriginali!E11) -> 213800 | F11: 2217 | G11: =IF(DatiOriginali!G11 >= SogliaPicchi!$B$2,"",DatiOriginali!G11) -> 62700 | H11: 2565 | I11: =IF(DatiOriginali!I11 >= SogliaPicchi!$B$2,"",DatiOriginali!I11) -> 98400 | J11: 2569 | K11: =IF(DatiOriginali!K11 >= SogliaPicchi!$B$2,"",DatiOriginali!K11) -> 113600
A12: seq_50_10 | B12: 1225 | C12: =IF(DatiOriginali!C12 >= SogliaPicchi!$B$2,"",DatiOriginali!C12) -> 436900 | D12: 687 | E12: =IF(DatiOriginali!E12 >= SogliaPicchi!$B$2,"",DatiOriginali!E12) -> 198700 | F12: 2437 | G12: =IF(DatiOriginali!G12 >= SogliaPicchi!$B$2,"",DatiOriginali!G12) -> 59400 | H12: 2813 | I12: =IF(DatiOriginali!I12 >= SogliaPicchi!$B$2,"",DatiOriginali!I12) -> 103200 | J12: 2828 | K12: =IF(DatiOriginali!K12 >= SogliaPicchi!$B$2,"",DatiOriginali!K12) -> 120600
A13: seq_50_11 | B13: 1225 | C13: =IF(DatiOriginali!C13 >= SogliaPicchi!$B$2,"",DatiOriginali!C13) -> 438200 | D13: 600 | E13: =IF(DatiOriginali!E13 >= SogliaPicchi!$B$2,"",DatiOriginali!E13) -> 173700 | F13: 2658 | G13: =IF(DatiOriginali!G13 >= SogliaPicchi!$B$2,"",DatiOriginali!G13) -> 76100 | H13: 3082 | I13: =IF(DatiOriginali!I13 >= SogliaPicchi!$B$2,"",DatiOriginali!I13) -> 105800 | J13: 3114 | K13: =IF(DatiOriginali!K13 >= SogliaPicchi!$B$2,"",DatiOriginali!K13) -> 110800
... A100: seq_50_98 | B100: 1225 | C100: =IF(DatiOriginali!C100 >= SogliaPicchi!$B$2,"",DatiOriginali!C100) -> 43800 | D100: 596 | E100: =IF(DatiOriginali!E100 >= SogliaPicchi!$B$2,"",DatiOriginali!E100) -> 18000 | F100: 21978 | G100: =IF(DatiOriginali!G100 >= SogliaPicchi!$B$2,"",DatiOriginali!G100) -> 148100 | H100: 25812 | I100: =IF(DatiOriginali!I100 >= SogliaPicchi!$B$2,"",DatiOriginali!I100) -> 66000 | J100: 25538 | K100: =IF(DatiOriginali!K100 >= SogliaPicchi!$B$2,"",DatiOriginali!K100) -> 79500
A101: seq_50_99 | B101: 1225 | C101: =IF(DatiOriginali!C101 >= SogliaPicchi!$B$2,"",DatiOriginali!C101) -> 108400 | D101: 599 | E101: =IF(DatiOriginali!E101 >= SogliaPicchi!$B$2,"",DatiOriginali!E101) -> 42600 | F101: 22200 | G101: =IF(DatiOriginali!G101 >= SogliaPicchi!$B$3,"",DatiOriginali!G101) | H101: 26083 | I101: =IF(DatiOriginali!I101 >= SogliaPicchi!$B$3,"",DatiOriginali!I101) | J101: 25814 | K101: =IF(DatiOriginali!K101 >= SogliaPicchi!$B$3,"",DatiOriginali!K101)
A102: seq_100_0 | B102: 4950 | C102: =IF(DatiOriginali!C102 >= SogliaPicchi!$B$3,"",DatiOriginali!C102) | D102: 2639 | E102: =IF(DatiOriginali!E102 >= SogliaPicchi!$B$3,"",DatiOriginali!E102) | F102: 22744 | G102: =IF(DatiOriginali!G102 >= SogliaPicchi!$B$3,"",DatiOriginali!G102) | H102: 26734 | I102: =IF(DatiOriginali!I102 >= SogliaPicchi!$B$3,"",DatiOriginali!I102) | J102: 26491 | K102: =IF(DatiOriginali!K102 >= SogliaPicchi!$B$3,"",DatiOriginali!K102)
A103: seq_100_1 | B103: 4950 | C103: =IF(DatiOriginali!C103 >= SogliaPicchi!$B$3,"",DatiOriginali!C103) | D103: =IF(DatiOriginali!D103 >= SogliaPicchi!$B$3,"",DatiOriginali!D103) -> 2481 | E103: =IF(DatiOriginali!E103 >= SogliaPicchi!$B$3,"",DatiOriginali!E103) | F103: 23287 | G103: =IF(DatiOriginali!G103 >= SogliaPicchi!$B$3,"",DatiOriginali!G103) | H103: 27371 | I103: =IF(DatiOriginali!I103 >= SogliaPicchi!$B$3,"",DatiOriginali!I103) | J103: 27148 | K103: =IF(DatiOriginali!K103 >= SogliaPicchi!$B$3,"",DatiOriginali!K103)
A104: seq_100_2 | B104: 4950 | C104: =IF(DatiOriginali!C104 >= SogliaPicchi!$B$3,"",DatiOriginali!C104) | D104: =IF(DatiOriginali!D104 >= SogliaPicchi!$B$3,"",DatiOriginali!D104) -> 2684 | E104: =IF(DatiOriginali!E104 >= SogliaPicchi!$B$3,"",DatiOriginali!E104) | F104: 23828 | G104: =IF(DatiOriginali!G104 >= SogliaPicchi!$B$3,"",DatiOriginali!G104) | H104: 27973 | I104: =IF(DatiOriginali!I104 >= SogliaPicchi!$B$3,"",DatiOriginali!I104) | J104: 27828 | K104: =IF(DatiOriginali!K104 >= SogliaPicchi!$B$3,"",DatiOriginali!K104)
A105: seq_100_3 | B105: 4950 | C105: =IF(DatiOriginali!C105 >= SogliaPicchi!$B$3,"",DatiOriginali!C105) | D105: =IF(DatiOriginali!D105 >= SogliaPicchi!$B$3,"",DatiOriginali!D105) -> 2603 | E105: =IF(DatiOriginali!E105 >= SogliaPicchi!$B$3,"",DatiOriginali!E105) -> 73100 | F105: 24372 | G105: =IF(DatiOriginali!G105 >= SogliaPicchi!$B$3,"",DatiOriginali!G105) | H105: 28623 | I105: =IF(DatiOriginali!I105 >= SogliaPicchi!$B$3,"",DatiOriginali!I105) -> 34200 | J105: 28493 | K105: =IF(DatiOriginali!K105 >= SogliaPicchi!$B$3,"",DatiOriginali!K105)
A106: seq_100_4 | B106: 4950 | C106: =IF(DatiOriginali!C106 >= SogliaPicchi!$B$3,"",DatiOriginali!C106) | D106: =IF(DatiOriginali!D106 >= SogliaPicchi!$B$3,"",DatiOriginali!D106) -> 2946 | E106: =IF(DatiOriginali!E106 >= SogliaPicchi!$B$3,"",DatiOriginali!E106) | F106: 24913 | G106: =IF(DatiOriginali!G106 >= SogliaPicchi!$B$3,"",DatiOriginali!G106) | H106: 29315 | I106: =IF(DatiOriginali!I106 >= SogliaPicchi!$B$3,"",DatiOriginali!I106) -> 15700 | J106: 29198 | K106: =IF(DatiOriginali!K106 >= SogliaPicchi!$B$3,"",DatiOriginali!K106)
A107: seq_100_5 | B107: 4950 | C107: =IF(DatiOriginali!C107 >= SogliaPicchi!$B$3,"",DatiOriginali!C107) | D107: 2325 | E107: 132400 | F107: 25451 | G107: =IF(DatiOriginali!G107 >= SogliaPicchi!$B$3,"",DatiOriginali!G107) | H107: 29992 | I107: =IF(DatiOriginali!I107 >= SogliaPicchi!$B$3,"",DatiOriginali!I107) -> 13000 | J107: 29809 | K107: =IF(DatiOriginali!K107 >= SogliaPicchi!$B$3,"",DatiOriginali!K107)
A108: seq_100_6 | B108: 4950 | C108: =IF(DatiOriginali!C108 >= SogliaPicchi!$B$3,"",DatiOriginali!C108) | D108: 2399 | E108: =IF(DatiOriginali!E108 >= SogliaPicchi!$B$3,"",DatiOriginali!E108) | F108: =IF(DatiOriginali!F108 >= SogliaPicchi!$B$3,"",DatiOriginali!F108) -> 25989 | G108: =IF(DatiOriginali!G108 >= SogliaPicchi!$B$3,"",DatiOriginali!G108) | H108: 30664 | I108: =IF(DatiOriginali!I108 >= SogliaPicchi!$B$3,"",DatiOriginali!I108) -> 18000 | J108: 30406 | K108: =IF(DatiOriginali!K108 >= SogliaPicchi!$B$3,"",DatiOriginali!K108)
A109: seq_100_7 | B109: 4950 | C109: =IF(DatiOriginali!C109 >= SogliaPicchi!$B$3,"",DatiOriginali!C109) | D109: 2583 | E109: =IF(DatiOriginali!E109 >= SogliaPicchi!$B$3,"",DatiOriginali!E109) | F109: 26529 | G109: =IF(DatiOriginali!G109 >= SogliaPicchi!$B$3,"",DatiOriginali!G109) -> 48600 | H109: 31304 | I109: =IF(DatiOriginali!I109 >= SogliaPicchi!$B$3,"",DatiOriginali!I109) -> 12400 | J109: 31056 | K109: =IF(DatiOriginali!K109 >= SogliaPicchi!$B$3,"",DatiOriginali!K109)
A110: seq_100_8 | B110: 4950 | C110: =IF(DatiOriginali!C110 >= SogliaPicchi!$B$3,"",DatiOriginali!C110) | D110: 2559 | E110: =IF(DatiOriginali!E110 >= SogliaPicchi!$B$3,"",DatiOriginali!E110) -> 71700 | F110: 27069 | G110: =IF(DatiOriginali!G110 >= SogliaPicchi!$B$3,"",DatiOriginali!G110) -> 44100 | H110: 31903 | I110: =IF(DatiOriginali!I110 >= SogliaPicchi!$B$3,"",DatiOriginali!I110) -> 9900 | J110: 31763 | K110: =IF(DatiOriginali!K110 >= SogliaPicchi!$B$3,"",DatiOriginali!K110)
A111: seq_100_9 | B111: 4950 | C111: =IF(DatiOriginali!C111 >= SogliaPicchi!$B$3,"",DatiOriginali!C111) | D111: 2616 | E111: =IF(DatiOriginali!E111 >= SogliaPicchi!$B$3,"",DatiOriginali!E111) | F111: 27608 | G111: =IF(DatiOriginali!G111 >= SogliaPicchi!$B$3,"",DatiOriginali!G111) -> 53200 | H111: 32515 | I111: =IF(DatiOriginali!I111 >= SogliaPicchi!$B$3,"",DatiOriginali!I111) -> 14000 | J111: 32539 | K111: =IF(DatiOriginali!K111 >= SogliaPicchi!$B$3,"",DatiOriginali!K111) -> 69800
A112: seq_100_10 | B112: 4950 | C112: =IF(DatiOriginali!C112 >= SogliaPicchi!$B$3,"",DatiOriginali!C112) | D112: 2802 | E112: =IF(DatiOriginali!E112 >= SogliaPicchi!$B$3,"",DatiOriginali!E112) | F112: 28154 | G112: =IF(DatiOriginali!G112 >= SogliaPicchi!$B$3,"",DatiOriginali!G112) -> 51600 | H112: 33247 | I112: =IF(DatiOriginali!I112 >= SogliaPicchi!$B$3,"",DatiOriginali!I112) -> 12500 | J112: 33349 | K112: =IF(DatiOriginali!K112 >= SogliaPicchi!$B$3,"",DatiOriginali!K112) -> 17100
A113: seq_100_11 | B113: 4950 | C113: =IF(DatiOriginali!C113 >= SogliaPicchi!$B$3,"",DatiOriginali!C113) | D113: 2506 | E113: =IF(DatiOriginali!E113 >= SogliaPicchi!$B$3,"",DatiOriginali!E113) | F113: 28692 | G113: =IF(DatiOriginali!G113 >= SogliaPicchi!$B$3,"",DatiOriginali!G113) -> 51500 | H113: 33917 | I113: =IF(DatiOriginali!I113 >= SogliaPicchi!$B$3,"",DatiOriginali!I113) -> 16000 | J113: 34135 | K113: =IF(DatiOriginali!K113 >= SogliaPicchi!$B$3,"",DatiOriginali!K113) -> 21700
A114: seq_100_12 | B114: 4950 | C114: =IF(DatiOriginali!C114 >= SogliaPicchi!$B$3,"",DatiOriginali!C114) | D114: 2402 | E114: =IF(DatiOriginali!E114 >= SogliaPicchi!$B$3,"",DatiOriginali!E114) | F114: 29239 | G114: =IF(DatiOriginali!G114 >= SogliaPicchi!$B$3,"",DatiOriginali!G114) -> 36700 | H114: 34591 | I114: =IF(DatiOriginali!I114 >= SogliaPicchi!$B$3,"",DatiOriginali!I114) -> 10400 | J114: 34772 | K114: =IF(DatiOriginali!K114 >= SogliaPicchi!$B$3,"",DatiOriginali!K114) -> 13000
A115: seq_100_13 | B115: 4950 | C115: =IF(DatiOriginali!C115 >= SogliaPicchi!$B$3,"",DatiOriginali!C115) | D115: 2825 | E115: =IF(DatiOriginali!E115 >= SogliaPicchi!$B$3,"",DatiOriginali!E115) | F115: 29786 | G115: =IF(DatiOriginali!G115 >= SogliaPicchi!$B$3,"",DatiOriginali!G115) -> 45200 | H115: 35273 | I115: =IF(DatiOriginali!I115 >= SogliaPicchi!$B$3,"",DatiOriginali!I115) -> 10600 | J115: 35468 | K115: =IF(DatiOriginali!K115 >= SogliaPicchi!$B$3,"",DatiOriginali!K115) -> 12700
A116: seq_100_14 | B116: 4950 | C116: =IF(DatiOriginali!C116 >= SogliaPicchi!$B$3,"",DatiOriginali!C116) | D116: 2488 | E116: =IF(DatiOriginali!E116 >= SogliaPicchi!$B$3,"",DatiOriginali!E116) -> 69500 | F116: 30325 | G116: =IF(DatiOriginali!G116 >= SogliaPicchi!$B$3,"",DatiOriginali!G116) -> 33500 | H116: 36035 | I116: =IF(DatiOriginali!I116 >= SogliaPicchi!$B$3,"",DatiOriginali!I116) -> 32200 | J116: 36078 | K116: =IF(DatiOriginali!K116 >= SogliaPicchi!$B$3,"",DatiOriginali!K116) -> 30200
A117: seq_100_15 | B117: 4950 | C117: =IF(DatiOriginali!C117 >= SogliaPicchi!$B$3,"",DatiOriginali!C117) | D117: 2582 | E117: =IF(DatiOriginali!E117 >= SogliaPicchi!$B$3,"",DatiOriginali!E117) -> 72100 | F117: 30868 | G117: =IF(DatiOriginali!G117 >= SogliaPicchi!$B$3,"",DatiOriginali!G117) -> 31000 | H117: 36675 | I117: =IF(DatiOriginali!I117 >= SogliaPicchi!$B$3,"",DatiOriginali!I117) -> 9500 | J117: 36829 | K117: =IF(DatiOriginali!K117 >= SogliaPicchi!$B$3,"",DatiOriginali!K117) -> 12800
A118: seq_100_16 | B118: 4950 | C118: =IF(DatiOriginali!C118 >= SogliaPicchi!$B$3,"",DatiOriginali!C118) | D118: 2408 | E118: =IF(DatiOriginali!E118 >= SogliaPicchi!$B$3,"",DatiOriginali!E118) | F118: 31403 | G118: =IF(DatiOriginali!G118 >= SogliaPicchi!$B$3,"",DatiOriginali!G118) -> 62700 | H118: 37243 | I118: =IF(DatiOriginali!I118 >= SogliaPicchi!$B$3,"",DatiOriginali!I118) -> 15000 | J118: 37392 | K118: =IF(DatiOriginali!K118 >= SogliaPicchi!$B$3,"",DatiOriginali!K118) -> 19000
A119: seq_100_17 | B119: 4950 | C119: =IF(DatiOriginali!C119 >= SogliaPicchi!$B$3,"",DatiOriginali!C119) | D119: 2271 | E119: =IF(DatiOriginali!E119 >= SogliaPicchi!$B$3,"",DatiOriginali!E119) | F119: 31950 | G119: =IF(DatiOriginali!G119 >= SogliaPicchi!$B$3,"",DatiOriginali!G119) -> 52900 | H119: 37999 | I119: =IF(DatiOriginali!I119 >= SogliaPicchi!$B$3,"",DatiOriginali!I119) -> 16300 | J119: 37976 | K119: =IF(DatiOriginali!K119 >= SogliaPicchi!$B$3,"",DatiOriginali!K119) -> 20200
A120: seq_100_18 | B120: 4950 | C120: =IF(DatiOriginali!C120 >= SogliaPicchi!$B$3,"",DatiOriginali!C120) | D120: 2588 | E120: =IF(DatiOriginali!E120 >= SogliaPicchi!$B$3,"",DatiOriginali!E120) -> 73500 | F120: 32494 | G120: =IF(DatiOriginali!G120 >= SogliaPicchi!$B$3,"",DatiOriginali!G120) -> 33500 | H120: 38677 | I120: =IF(DatiOriginali!I120 >= SogliaPicchi!$B$3,"",DatiOriginali!I120) -> 11000 | J120: 38611 | K120: =IF(DatiOriginali!K120 >= SogliaPicchi!$B$3,"",DatiOriginali!K120) -> 14300
... A200: seq_100_98 | B200: 4950 | C200: =IF(DatiOriginali!C200 >= SogliaPicchi!$B$3,"",DatiOriginali!C200) -> 43900 | D200: 2562 | E200: =IF(DatiOriginali!E200 >= SogliaPicchi!$B$3,"",DatiOriginali!E200) -> 18800 | F200: 75768 | G200: =IF(DatiOriginali!G200 >= SogliaPicchi!$B$3,"",DatiOriginali!G200) -> 50200 | H200: 90882 | I200: =IF(DatiOriginali!I200 >= SogliaPicchi!$B$3,"",DatiOriginali!I200) -> 13400 | J200: 90764 | K200: =IF(DatiOriginali!K200 >= SogliaPicchi!$B$3,"",DatiOriginali!K200) -> 16600
A201: seq_100_99 | B201: 4950 | C201: =IF(DatiOriginali!C201 >= SogliaPicchi!$B$3,"",DatiOriginali!C201) -> 41600 | D201: 2322 | E201: =IF(DatiOriginali!E201 >= SogliaPicchi!$B$3,"",DatiOriginali!E201) -> 16200 | F201: 76305 | G201: =IF(DatiOriginali!G201 >= SogliaPicchi!$B$4,"",DatiOriginali!G201) -> 49000 | H201: 91469 | I201: =IF(DatiOriginali!I201 >= SogliaPicchi!$B$4,"",DatiOriginali!I201) -> 12300 | J201: 91442 | K201: =IF(DatiOriginali!K201 >= SogliaPicchi!$B$4,"",DatiOriginali!K201) -> 15700
A202: seq_150_0 | B202: 11175 | C202: =IF(DatiOriginali!C202 >= SogliaPicchi!$B$4,"",DatiOriginali!C202) -> 92000 | D202: 5541 | E202: =IF(DatiOriginali!E202 >= SogliaPicchi!$B$4,"",DatiOriginali!E202) -> 36500 | F202: 77203 | G202: =IF(DatiOriginali!G202 >= SogliaPicchi!$B$4,"",DatiOriginali!G202) -> 95000 | H202: 92464 | I202: =IF(DatiOriginali!I202 >= SogliaPicchi!$B$4,"",DatiOriginali!I202) -> 20200 | J202: 92400 | K202: =IF(DatiOriginali!K202 >= SogliaPicchi!$B$4,"",DatiOriginali!K202) -> 23300
A203: seq_150_1 | B203: 11175 | C203: =IF(DatiOriginali!C203 >= SogliaPicchi!$B$4,"",DatiOriginali!C203) -> 94500 | D203: 5611 | E203: =IF(DatiOriginali!E203 >= SogliaPicchi!$B$4,"",DatiOriginali!E203) -> 38400 | F203: 78104 | G203: =IF(DatiOriginali!G203 >= SogliaPicchi!$B$4,"",DatiOriginali!G203) -> 95800 | H203: 93521 | I203: =IF(DatiOriginali!I203 >= SogliaPicchi!$B$4,"",DatiOriginali!I203) -> 20300 | J203: 93628 | K203: =IF(DatiOriginali!K203 >= SogliaPicchi!$B$4,"",DatiOriginali!K203) -> 24800
A204: seq_150_2 | B204: 11175 | C204: =IF(DatiOriginali!C204 >= SogliaPicchi!$B$4,"",DatiOriginali!C204) -> 91600 | D204: 5605 | E204: =IF(DatiOriginali!E204 >= SogliaPicchi!$B$4,"",DatiOriginali!E204) -> 37400 | F204: 79006 | G204: =IF(DatiOriginali!G204 >= SogliaPicchi!$B$4,"",DatiOriginali!G204) -> 77300 | H204: 94553 | I204: =IF(DatiOriginali!I204 >= SogliaPicchi!$B$4,"",DatiOriginali!I204) -> 27600 | J204: 94713 | K204: =IF(DatiOriginali!K204 >= SogliaPicchi!$B$4,"",DatiOriginali!K204) -> 24200
A205: seq_150_3 | B205: 11175 | C205: =IF(DatiOriginali!C205 >= SogliaPicchi!$B$4,"",DatiOriginali!C205) -> 68600 | D205: 5805 | E205: =IF(DatiOriginali!E205 >= SogliaPicchi!$B$4,"",DatiOriginali!E205) -> 24600 | F205: 79890 | G205: =IF(DatiOriginali!G205 >= SogliaPicchi!$B$4,"",DatiOriginali!G205) -> 61800 | H205: 95982 | I205: =IF(DatiOriginali!I205 >= SogliaPicchi!$B$4,"",DatiOriginali!I205) -> 19700 | J205: 95636 | K205: =IF(DatiOriginali!K205 >= SogliaPicchi!$B$4,"",DatiOriginali!K205) -> 19700
A206: seq_150_4 | B206: 11175 | C206: =IF(DatiOriginali!C206 >= SogliaPicchi!$B$4,"",DatiOriginali!C206) -> 98400 | D206: 6082 | E206: =IF(DatiOriginali!E206 >= SogliaPicchi!$B$4,"",DatiOriginali!E206) -> 28900 | F206: 80804 | G206: =IF(DatiOriginali!G206 >= SogliaPicchi!$B$4,"",DatiOriginali!G206) -> 68200 | H206: 96969 | I206: =IF(DatiOriginali!I206 >= SogliaPicchi!$B$4,"",DatiOriginali!I206) -> 18400 | J206: 96724 | K206: =IF(DatiOriginali!K206 >= SogliaPicchi!$B$4,"",DatiOriginali!K206) -> 21100
A207: seq_150_5 | B207: 11175 | C207: =IF(DatiOriginali!C207 >= SogliaPicchi!$B$4,"",DatiOriginali!C207) -> 89300 | D207: 5575 | E207: =IF(DatiOriginali!E207 >= SogliaPicchi!$B$4,"",DatiOriginali!E207) -> 27100 | F207: 81695 | G207: =IF(DatiOriginali!G207 >= SogliaPicchi!$B$4,"",DatiOriginali!G207) -> 76500 | H207: 98023 | I207: =IF(DatiOriginali!I207 >= SogliaPicchi!$B$4,"",DatiOriginali!I207) -> 18500 | J207: 97738 | K207: =IF(DatiOriginali!K207 >= SogliaPicchi!$B$4,"",DatiOriginali!K207) -> 20800
A208: seq_150_6 | B208: 11175 | C208: =IF(DatiOriginali!C208 >= SogliaPicchi!$B$4,"",DatiOriginali!C208) -> 88800 | D208: 5382 | E208: =IF(DatiOriginali!E208 >= SogliaPicchi!$B$4,"",DatiOriginali!E208) -> 26700 | F208: 82596 | G208: =IF(DatiOriginali!G208 >= SogliaPicchi!$B$4,"",DatiOriginali!G208) -> 77100 | H208: 99018 | I208: =IF(DatiOriginali!I208 >= SogliaPicchi!$B$4,"",DatiOriginali!I208) -> 18900 | J208: 98759 | K208: =IF(DatiOriginali!K208 >= SogliaPicchi!$B$4,"",DatiOriginali!K208) -> 21400
A209: seq_150_7 | B209: 11175 | C209: =IF(DatiOriginali!C209 >= SogliaPicchi!$B$4,"",DatiOriginali!C209) -> 87600 | D209: 5473 | E209: =IF(DatiOriginali!E209 >= SogliaPicchi!$B$4,"",DatiOriginali!E209) -> 28700 | F209: 83490 | G209: =IF(DatiOriginali!G209 >= SogliaPicchi!$B$4,"",DatiOriginali!G209) -> 58300 | H209: 100315 | I209: =IF(DatiOriginali!I209 >= SogliaPicchi!$B$4,"",DatiOriginali!I209) -> 19000 | J209: 99731 | K209: =IF(DatiOriginali!K209 >= SogliaPicchi!$B$4,"",DatiOriginali!K209) -> 19800
A210: seq_150_8 | B210: 11175 | C210: =IF(DatiOriginali!C210 >= SogliaPicchi!$B$4,"",DatiOriginali!C210) -> 67100 | D210: 5209 | E210: =IF(DatiOriginali!E210 >= SogliaPicchi!$B$4,"",DatiOriginali!E210) -> 24600 | F210: 84388 | G210: =IF(DatiOriginali!G210 >= SogliaPicchi!$B$4,"",DatiOriginali!G210) -> 51300 | H210: 101423 | I210: =IF(DatiOriginali!I210 >= SogliaPicchi!$B$4,"",DatiOriginali!I210) -> 14200 | J210: 101181 | K210: =IF(DatiOriginali!K210 >= SogliaPicchi!$B$4,"",DatiOriginali!K210) -> 17900
A211: seq_150_9 | B211: 11175 | C211: =IF(DatiOriginali!C211 >= SogliaPicchi!$B$4,"",DatiOriginali!C211) | D211: 5177 | E211: =IF(DatiOriginali!E211 >= SogliaPicchi!$B$4,"",DatiOriginali!E211) -> 35600 | F211: 85302 | G211: =IF(DatiOriginali!G211 >= SogliaPicchi!$B$4,"",DatiOriginali!G211) -> 81600 | H211: 102488 | I211: =IF(DatiOriginali!I211 >= SogliaPicchi!$B$4,"",DatiOriginali!I211) -> 21400 | J211: 102225 | K211: =IF(DatiOriginali!K211 >= SogliaPicchi!$B$4,"",DatiOriginali!K211) -> 23700
A212: seq_150_10 | B212: 11175 | C212: =IF(DatiOriginali!C212 >= SogliaPicchi!$B$4,"",DatiOriginali!C212) -> 97400 | D212: 6018 | E212: =IF(DatiOriginali!E212 >= SogliaPicchi!$B$4,"",DatiOriginali!E212) -> 41300 | F212: 86199 | G212: =IF(DatiOriginali!G212 >= SogliaPicchi!$B$4,"",DatiOriginali!G212) -> 73700 | H212: 103517 | I212: =IF(DatiOriginali!I212 >= SogliaPicchi!$B$4,"",DatiOriginali!I212) -> 22100 | J212: 103332 | K212: =IF(DatiOriginali!K212 >= SogliaPicchi!$B$4,"",DatiOriginali!K212) -> 24900
A213: seq_150_11 | B213: 11175 | C213: =IF(DatiOriginali!C213 >= SogliaPicchi!$B$4,"",DatiOriginali!C213) -> 73100 | D213: 5933 | E213: =IF(DatiOriginali!E213 >= SogliaPicchi!$B$4,"",DatiOriginali!E213) -> 23400 | F213: 87101 | G213: =IF(DatiOriginali!G213 >= SogliaPicchi!$B$4,"",DatiOriginali!G213) -> 79400 | H213: 104545 | I213: =IF(DatiOriginali!I213 >= SogliaPicchi!$B$4,"",DatiOriginali!I213) -> 14800 | J213: 104391 | K213: =IF(DatiOriginali!K213 >= SogliaPicchi!$B$4,"",DatiOriginali!K213) -> 23500
... A300: seq_150_98 | B300: 11175 | C300: =IF(DatiOriginali!C300 >= SogliaPicchi!$B$4,"",DatiOriginali!C300) -> 86700 | D300: 5439 | E300: =IF(DatiOriginali!E300 >= SogliaPicchi!$B$4,"",DatiOriginali!E300) -> 26900 | F300: 165278 | G300: =IF(DatiOriginali!G300 >= SogliaPicchi!$B$4,"",DatiOriginali!G300) -> 76500 | H300: 198611 | I300: =IF(DatiOriginali!I300 >= SogliaPicchi!$B$4,"",DatiOriginali!I300) -> 17200 | J300: 198391 | K300: =IF(DatiOriginali!K300 >= SogliaPicchi!$B$4,"",DatiOriginali!K300) -> 25100
A301: seq_150_99 | B301: 11175 | C301: =IF(DatiOriginali!C301 >= SogliaPicchi!$B$4,"",DatiOriginali!C301) -> 85800 | D301: 5125 | E301: =IF(DatiOriginali!E301 >= SogliaPicchi!$B$4,"",DatiOriginali!E301) -> 21000 | F301: 166170 | G301: =IF(DatiOriginali!G301 >= SogliaPicchi!$B$5,"",DatiOriginali!G301) -> 55700 | H301: 199706 | I301: =IF(DatiOriginali!I301 >= SogliaPicchi!$B$5,"",DatiOriginali!I301) -> 15200 | J301: 199621 | K301: =IF(DatiOriginali!K301 >= SogliaPicchi!$B$5,"",DatiOriginali!K301) -> 24000
A302: seq_200_0 | B302: 19900 | C302: =IF(DatiOriginali!C302 >= SogliaPicchi!$B$5,"",DatiOriginali!C302) -> 164800 | D302: 9705 | E302: =IF(DatiOriginali!E302 >= SogliaPicchi!$B$5,"",DatiOriginali!E302) -> 55200 | F302: 167451 | G302: =IF(DatiOriginali!G302 >= SogliaPicchi!$B$5,"",DatiOriginali!G302) -> 91600 | H302: 201247 | I302: =IF(DatiOriginali!I302 >= SogliaPicchi!$B$5,"",DatiOriginali!I302) -> 26500 | J302: 201425 | K302: =IF(DatiOriginali!K302 >= SogliaPicchi!$B$5,"",DatiOriginali!K302) -> 31500
A303: seq_200_1 | B303: 19900 | C303: =IF(DatiOriginali!C303 >= SogliaPicchi!$B$5,"",DatiOriginali!C303) -> 148300 | D303: 10519 | E303: =IF(DatiOriginali!E303 >= SogliaPicchi!$B$5,"",DatiOriginali!E303) -> 49400 | F303: 168743 | G303: =IF(DatiOriginali!G303 >= SogliaPicchi!$B$5,"",DatiOriginali!G303) -> 77600 | H303: 202692 | I303: =IF(DatiOriginali!I303 >= SogliaPicchi!$B$5,"",DatiOriginali!I303) -> 24800 | J303: 203031 | K303: =IF(DatiOriginali!K303 >= SogliaPicchi!$B$5,"",DatiOriginali!K303) -> 29200
A304: seq_200_2 | B304: 19900 | C304: =IF(DatiOriginali!C304 >= SogliaPicchi!$B$5,"",DatiOriginali!C304) -> 161100 | D304: 10462 | E304: =IF(DatiOriginali!E304 >= SogliaPicchi!$B$5,"",DatiOriginali!E304) -> 61400 | F304: 170016 | G304: =IF(DatiOriginali!G304 >= SogliaPicchi!$B$5,"",DatiOriginali!G304) -> 87700 | H304: 204341 | I304: =IF(DatiOriginali!I304 >= SogliaPicchi!$B$5,"",DatiOriginali!I304) -> 25600 | J304: 204504 | K304: =IF(DatiOriginali!K304 >= SogliaPicchi!$B$5,"",DatiOriginali!K304) -> 30300
A305: seq_200_3 | B305: 19900 | C305: =IF(DatiOriginali!C305 >= SogliaPicchi!$B$5,"",DatiOriginali!C305) | D305: 9662 | E305: =IF(DatiOriginali!E305 >= SogliaPicchi!$B$5,"",DatiOriginali!E305) -> 37000 | F305: 171306 | G305: =IF(DatiOriginali!G305 >= SogliaPicchi!$B$5,"",DatiOriginali!G305) -> 65400 | H305: 205907 | I305: =IF(DatiOriginali!I305 >= SogliaPicchi!$B$5,"",DatiOriginali!I305) -> 20600 | J305: 205975 | K305: =IF(DatiOriginali!K305 >= SogliaPicchi!$B$5,"",DatiOriginali!K305) -> 25300
A306: seq_200_4 | B306: 19900 | C306: =IF(DatiOriginali!C306 >= SogliaPicchi!$B$5,"",DatiOriginali!C306) -> 138000 | D306: 10441 | E306: =IF(DatiOriginali!E306 >= SogliaPicchi!$B$5,"",DatiOriginali!E306) -> 39200 | F306: 172590 | G306: =IF(DatiOriginali!G306 >= SogliaPicchi!$B$5,"",DatiOriginali!G306) -> 75300 | H306: 207376 | I306: =IF(DatiOriginali!I306 >= SogliaPicchi!$B$5,"",DatiOriginali!I306) -> 19600 | J306: 207480 | K306: =IF(DatiOriginali!K306 >= SogliaPicchi!$B$5,"",DatiOriginali!K306) -> 25500
A307: seq_200_5 | B307: 19900 | C307: =IF(DatiOriginali!C307 >= SogliaPicchi!$B$5,"",DatiOriginali!C307) -> 141300 | D307: 9629 | E307: =IF(DatiOriginali!E307 >= SogliaPicchi!$B$5,"",DatiOriginali!E307) -> 37300 | F307: 173882 | G307: =IF(DatiOriginali!G307 >= SogliaPicchi!$B$5,"",DatiOriginali!G307) -> 70500 | H307: 209242 | I307: =IF(DatiOriginali!I307 >= SogliaPicchi!$B$5,"",DatiOriginali!I307) -> 20700 | J307: 208903 | K307: =IF(DatiOriginali!K307 >= SogliaPicchi!$B$5,"",DatiOriginali!K307) -> 23500
A308: seq_200_6 | B308: 19900 | C308: =IF(DatiOriginali!C308 >= SogliaPicchi!$B$5,"",DatiOriginali!C308) -> 126200 | D308: 10117 | E308: =IF(DatiOriginali!E308 >= SogliaPicchi!$B$5,"",DatiOriginali!E308) -> 38000 | F308: 175164 | G308: =IF(DatiOriginali!G308 >= SogliaPicchi!$B$5,"",DatiOriginali!G308) -> 71500 | H308: 210831 | I308: =IF(DatiOriginali!I308 >= SogliaPicchi!$B$5,"",DatiOriginali!I308) -> 19300 | J308: 210453 | K308: =IF(DatiOriginali!K308 >= SogliaPicchi!$B$5,"",DatiOriginali!K308) -> 23400
A309: seq_200_7 | B309: 19900 | C309: =IF(DatiOriginali!C309 >= SogliaPicchi!$B$5,"",DatiOriginali!C309) -> 121600 | D309: 9876 | E309: =IF(DatiOriginali!E309 >= SogliaPicchi!$B$5,"",DatiOriginali!E309) -> 37000 | F309: 176446 | G309: =IF(DatiOriginali!G309 >= SogliaPicchi!$B$5,"",DatiOriginali!G309) -> 79300 | H309: 212491 | I309: =IF(DatiOriginali!I309 >= SogliaPicchi!$B$5,"",DatiOriginali!I309) -> 19800 | J309: 212067 | K309: =IF(DatiOriginali!K309 >= SogliaPicchi!$B$5,"",DatiOriginali!K309) -> 24500
A310: seq_200_8 | B310: 19900 | C310: =IF(DatiOriginali!C310 >= SogliaPicchi!$B$5,"",DatiOriginali!C310) -> 162200 | D310: 9443 | E310: =IF(DatiOriginali!E310 >= SogliaPicchi!$B$5,"",DatiOriginali!E310) -> 55700 | F310: 177731 | G310: =IF(DatiOriginali!G310 >= SogliaPicchi!$B$5,"",DatiOriginali!G310) -> 107000 | H310: 213964 | I310: =IF(DatiOriginali!I310 >= SogliaPicchi!$B$5,"",DatiOriginali!I310) -> 30700 | J310: 213570 | K310: =IF(DatiOriginali!K310 >= SogliaPicchi!$B$5,"",DatiOriginali!K310) -> 38100
A311: seq_200_9 | B311: 19900 | C311: =IF(DatiOriginali!C311 >= SogliaPicchi!$B$5,"",DatiOriginali!C311) -> 150200 | D311: 10400 | E311: =IF(DatiOriginali!E311 >= SogliaPicchi!$B$5,"",DatiOriginali!E311) -> 39700 | F311: 179009 | G311: =IF(DatiOriginali!G311 >= SogliaPicchi!$B$5,"",DatiOriginali!G311) -> 63800 | H311: 215745 | I311: =IF(DatiOriginali!I311 >= SogliaPicchi!$B$5,"",DatiOriginali!I311) -> 19000 | J311: 215159 | K311: =IF(DatiOriginali!K311 >= SogliaPicchi!$B$5,"",DatiOriginali!K311) -> 25400
A312: seq_200_10 | B312: 19900 | C312: =IF(DatiOriginali!C312 >= SogliaPicchi!$B$5,"",DatiOriginali!C312) -> 189600 | D312: 10004 | E312: =IF(DatiOriginali!E312 >= SogliaPicchi!$B$5,"",DatiOriginali!E312) -> 57300 | F312: 180288 | G312: =IF(DatiOriginali!G312 >= SogliaPicchi!$B$5,"",DatiOriginali!G312) -> 93800 | H312: 217423 | I312: =IF(DatiOriginali!I312 >= SogliaPicchi!$B$5,"",DatiOriginali!I312) -> 25300 | J312: 216578 | K312: =IF(DatiOriginali!K312 >= SogliaPicchi!$B$5,"",DatiOriginali!K312) -> 30700
A313: seq_200_11 | B313: 19900 | C313: =IF(DatiOriginali!C313 >= SogliaPicchi!$B$5,"",DatiOriginali!C313) -> 151100 | D313: 9977 | E313: =IF(DatiOriginali!E313 >= SogliaPicchi!$B$5,"",DatiOriginali!E313) -> 46000 | F313: 181566 | G313: =IF(DatiOriginali!G313 >= SogliaPicchi!$B$5,"",DatiOriginali!G313) -> 78000 | H313: 218821 | I313: =IF(DatiOriginali!I313 >= SogliaPicchi!$B$5,"",DatiOriginali!I313) -> 24500 | J313: 218023 | K313: =IF(DatiOriginali!K313 >= SogliaPicchi!$B$5,"",DatiOriginali!K313) -> 30600
... A400: seq_200_98 | B400: 19900 | C400: =IF(DatiOriginali!C400 >= SogliaPicchi!$B$5,"",DatiOriginali!C400) -> 127900 | D400: 9889 | E400: =IF(DatiOriginali!E400 >= SogliaPicchi!$B$5,"",DatiOriginali!E400) -> 38200 | F400: 293006 | G400: =IF(DatiOriginali!G400 >= SogliaPicchi!$B$5,"",DatiOriginali!G400) -> 71000 | H400: 355056 | I400: =IF(DatiOriginali!I400 >= SogliaPicchi!$B$5,"",DatiOriginali!I400) -> 19800 | J400: 355630 | K400: =IF(DatiOriginali!K400 >= SogliaPicchi!$B$5,"",DatiOriginali!K400) -> 29000
A401: seq_200_99 | B401: 19900 | C401: =IF(DatiOriginali!C401 >= SogliaPicchi!$B$5,"",DatiOriginali!C401) -> 138800 | D401: 9615 | E401: =IF(DatiOriginali!E401 >= SogliaPicchi!$B$5,"",DatiOriginali!E401) -> 36700 | F401: 294277 | G401: =IF(DatiOriginali!G401 >= SogliaPicchi!$B$6,"",DatiOriginali!G401) -> 62400 | H401: 356749 | I401: =IF(DatiOriginali!I401 >= SogliaPicchi!$B$6,"",DatiOriginali!I401) -> 20800 | J401: 357105 | K401: =IF(DatiOriginali!K401 >= SogliaPicchi!$B$6,"",DatiOriginali!K401) -> 23200
A402: seq_250_0 | B402: 31125 | C402: =IF(DatiOriginali!C402 >= SogliaPicchi!$B$6,"",DatiOriginali!C402) -> 246500 | D402: 15435 | E402: =IF(DatiOriginali!E402 >= SogliaPicchi!$B$6,"",DatiOriginali!E402) -> 69000 | F402: 295965 | G402: =IF(DatiOriginali!G402 >= SogliaPicchi!$B$6,"",DatiOriginali!G402) -> 116600 | H402: 358596 | I402: =IF(DatiOriginali!I402 >= SogliaPicchi!$B$6,"",DatiOriginali!I402) -> 38200 | J402: 359095 | K402: =IF(DatiOriginali!K402 >= SogliaPicchi!$B$6,"",DatiOriginali!K402) -> 31400
A403: seq_250_1 | B403: 31125 | C403: =IF(DatiOriginali!C403 >= SogliaPicchi!$B$6,"",DatiOriginali!C403) -> 197900 | D403: 15465 | E403: =IF(DatiOriginali!E403 >= SogliaPicchi!$B$6,"",DatiOriginali!E403) -> 56700 | F403: 297649 | G403: =IF(DatiOriginali!G403 >= SogliaPicchi!$B$6,"",DatiOriginali!G403) -> 91100 | H403: 360523 | I403: =IF(DatiOriginali!I403 >= SogliaPicchi!$B$6,"",DatiOriginali!I403) -> 25900 | J403: 361431 | K403: =IF(DatiOriginali!K403 >= SogliaPicchi!$B$6,"",DatiOriginali!K403) -> 29500
A404: seq_250_2 | B404: 31125 | C404: =IF(DatiOriginali!C404 >= SogliaPicchi!$B$6,"",DatiOriginali!C404) -> 270600 | D404: 16012 | E404: =IF(DatiOriginali!E404 >= SogliaPicchi!$B$6,"",DatiOriginali!E404) -> 85900 | F404: 299332 | G404: =IF(DatiOriginali!G404 >= SogliaPicchi!$B$6,"",DatiOriginali!G404) -> 114000 | H404: 362809 | I404: =IF(DatiOriginali!I404 >= SogliaPicchi!$B$6,"",DatiOriginali!I404) -> 31400 | J404: 363293 | K404: =IF(DatiOriginali!K404 >= SogliaPicchi!$B$6,"",DatiOriginali!K404) -> 37700
A405: seq_250_3 | B405: 31125 | C405: =IF(DatiOriginali!C405 >= SogliaPicchi!$B$6,"",DatiOriginali!C405) -> 271000 | D405: 16018 | E405: =IF(DatiOriginali!E405 >= SogliaPicchi!$B$6,"",DatiOriginali!E405) -> 59600 | F405: 301014 | G405: =IF(DatiOriginali!G405 >= SogliaPicchi!$B$6,"",DatiOriginali!G405) -> 115100 | H405: 364794 | I405: =IF(DatiOriginali!I405 >= SogliaPicchi!$B$6,"",DatiOriginali!I405) -> 26100 | J405: 365320 | K405: =IF(DatiOriginali!K405 >= SogliaPicchi!$B$6,"",DatiOriginali!K405) -> 29700
A406: seq_250_4 | B406: 31125 | C406: =IF(DatiOriginali!C406 >= SogliaPicchi!$B$6,"",DatiOriginali!C406) -> 209600 | D406: 15035 | E406: =IF(DatiOriginali!E406 >= SogliaPicchi!$B$6,"",DatiOriginali!E406) -> 57100 | F406: 302693 | G406: =IF(DatiOriginali!G406 >= SogliaPicchi!$B$6,"",DatiOriginali!G406) -> 98800 | H406: 367056 | I406: =IF(DatiOriginali!I406 >= SogliaPicchi!$B$6,"",DatiOriginali!I406) -> 36300 | J406: 367286 | K406: =IF(DatiOriginali!K406 >= SogliaPicchi!$B$6,"",DatiOriginali!K406) -> 31500
A407: seq_250_5 | B407: 31125 | C407: =IF(DatiOriginali!C407 >= SogliaPicchi!$B$6,"",DatiOriginali!C407) -> 186000 | D407: 16132 | E407: =IF(DatiOriginali!E407 >= SogliaPicchi!$B$6,"",DatiOriginali!E407) -> 61000 | F407: 304379 | G407: =IF(DatiOriginali!G407 >= SogliaPicchi!$B$6,"",DatiOriginali!G407) -> 82300 | H407: 369297 | I407: =IF(DatiOriginali!I407 >= SogliaPicchi!$B$6,"",DatiOriginali!I407) -> 26300 | J407: 369342 | K407: =IF(DatiOriginali!K407 >= SogliaPicchi!$B$6,"",DatiOriginali!K407) -> 30700
A408: seq_250_6 | B408: 31125 | C408: =IF(DatiOriginali!C408 >= SogliaPicchi!$B$6,"",DatiOriginali!C408) -> 249300 | D408: 16365 | E408: =IF(DatiOriginali!E408 >= SogliaPicchi!$B$6,"",DatiOriginali!E408) -> 87800 | F408: 306050 | G408: =IF(DatiOriginali!G408 >= SogliaPicchi!$B$6,"",DatiOriginali!G408) -> 127000 | H408: 371620 | I408: =IF(DatiOriginali!I408 >= SogliaPicchi!$B$6,"",DatiOriginali!I408) -> 33300 | J408: 371588 | K408: =IF(DatiOriginali!K408 >= SogliaPicchi!$B$6,"",DatiOriginali!K408) -> 38000
A409: seq_250_7 | B409: 31125 | C409: =IF(DatiOriginali!C409 >= SogliaPicchi!$B$6,"",DatiOriginali!C409) -> 295000 | D409: 14996 | E409: =IF(DatiOriginali!E409 >= SogliaPicchi!$B$6,"",DatiOriginali!E409) -> 89100 | F409: 307711 | G409: =IF(DatiOriginali!G409 >= SogliaPicchi!$B$6,"",DatiOriginali!G409) -> 138100 | H409: 373602 | I409: =IF(DatiOriginali!I409 >= SogliaPicchi!$B$6,"",DatiOriginali!I409) -> 31400 | J409: 373763 | K409: =IF(DatiOriginali!K409 >= SogliaPicchi!$B$6,"",DatiOriginali!K409) -> 37500
A410: seq_250_8 | B410: 31125 | C410: =IF(DatiOriginali!C410 >= SogliaPicchi!$B$6,"",DatiOriginali!C410) -> 255400 | D410: 15589 | E410: =IF(DatiOriginali!E410 >= SogliaPicchi!$B$6,"",DatiOriginali!E410) -> 70000 | F410: 309392 | G410: =IF(DatiOriginali!G410 >= SogliaPicchi!$B$6,"",DatiOriginali!G410) -> 160300 | H410: 375565 | I410: =IF(DatiOriginali!I410 >= SogliaPicchi!$B$6,"",DatiOriginali!I410) -> 41100 | J410: 375739 | K410: =IF(DatiOriginali!K410 >= SogliaPicchi!$B$6,"",DatiOriginali!K410) -> 48000
A411: seq_250_9 | B411: 31125 | C411: =IF(DatiOriginali!C411 >= SogliaPicchi!$B$6,"",DatiOriginali!C411) -> 201400 | D411: 14970 | E411: =IF(DatiOriginali!E411 >= SogliaPicchi!$B$6,"",DatiOriginali!E411) -> 57000 | F411: 311063 | G411: =IF(DatiOriginali!G411 >= SogliaPicchi!$B$6,"",DatiOriginali!G411) -> 93400 | H411: 377546 | I411: =IF(DatiOriginali!I411 >= SogliaPicchi!$B$6,"",DatiOriginali!I411) -> 32600 | J411: 377836 | K411: =IF(DatiOriginali!K411 >= SogliaPicchi!$B$6,"",DatiOriginali!K411) -> 30700
A412: seq_250_10 | B412: 31125 | C412: =IF(DatiOriginali!C412 >= SogliaPicchi!$B$6,"",DatiOriginali!C412) -> 221100 | D412: 16217 | E412: =IF(DatiOriginali!E412 >= SogliaPicchi!$B$6,"",DatiOriginali!E412) -> 59100 | F412: 312737 | G412: =IF(DatiOriginali!G412 >= SogliaPicchi!$B$6,"",DatiOriginali!G412) -> 82300 | H412: 379548 | I412: =IF(DatiOriginali!I412 >= SogliaPicchi!$B$6,"",DatiOriginali!I412) -> 25200 | J412: 379779 | K412: =IF(DatiOriginali!K412 >= SogliaPicchi!$B$6,"",DatiOriginali!K412) -> 30200
A413: seq_250_11 | B413: 31125 | C413: =IF(DatiOriginali!C413 >= SogliaPicchi!$B$6,"",DatiOriginali!C413) -> 272600 | D413: 15604 | E413: =IF(DatiOriginali!E413 >= SogliaPicchi!$B$6,"",DatiOriginali!E413) -> 86700 | F413: 314415 | G413: =IF(DatiOriginali!G413 >= SogliaPicchi!$B$6,"",DatiOriginali!G413) -> 152300 | H413: 381789 | I413: =IF(DatiOriginali!I413 >= SogliaPicchi!$B$6,"",DatiOriginali!I413) -> 37000 | J413: 381760 | K413: =IF(DatiOriginali!K413 >= SogliaPicchi!$B$6,"",DatiOriginali!K413) -> 40200
... A500: seq_250_98 | B500: 31125 | C500: =IF(DatiOriginali!C500 >= SogliaPicchi!$B$6,"",DatiOriginali!C500) -> 260600 | D500: 15879 | E500: =IF(DatiOriginali!E500 >= SogliaPicchi!$B$6,"",DatiOriginali!E500) -> 70600 | F500: 460368 | G500: =IF(DatiOriginali!G500 >= SogliaPicchi!$B$6,"",DatiOriginali!G500) -> 116600 | H500: 562553 | I500: =IF(DatiOriginali!I500 >= SogliaPicchi!$B$6,"",DatiOriginali!I500) -> 33000 | J500: 559373 | K500: =IF(DatiOriginali!K500 >= SogliaPicchi!$B$6,"",DatiOriginali!K500) -> 38100
A501: seq_250_99 | B501: 31125 | C501: =IF(DatiOriginali!C501 >= SogliaPicchi!$B$6,"",DatiOriginali!C501) -> 234400 | D501: 16856 | E501: =IF(DatiOriginali!E501 >= SogliaPicchi!$B$6,"",DatiOriginali!E501) -> 61800 | F501: 462029 | G501: =IF(DatiOriginali!G501 >= SogliaPicchi!$B$7,"",DatiOriginali!G501) -> 82300 | H501: 564793 | I501: =IF(DatiOriginali!I501 >= SogliaPicchi!$B$7,"",DatiOriginali!I501) -> 26600 | J501: 561366 | K501: =IF(DatiOriginali!K501 >= SogliaPicchi!$B$7,"",DatiOriginali!K501) -> 30400
A502: seq_300_0 | B502: 44850 | C502: =IF(DatiOriginali!C502 >= SogliaPicchi!$B$7,"",DatiOriginali!C502) -> 322700 | D502: 22584 | E502: =IF(DatiOriginali!E502 >= SogliaPicchi!$B$7,"",DatiOriginali!E502) -> 82200 | F502: 464143 | G502: =IF(DatiOriginali!G502 >= SogliaPicchi!$B$7,"",DatiOriginali!G502) -> 134400 | H502: 567304 | I502: =IF(DatiOriginali!I502 >= SogliaPicchi!$B$7,"",DatiOriginali!I502) -> 32300 | J502: 564055 | K502: =IF(DatiOriginali!K502 >= SogliaPicchi!$B$7,"",DatiOriginali!K502) -> 38700
A503: seq_300_1 | B503: 44850 | C503: =IF(DatiOriginali!C503 >= SogliaPicchi!$B$7,"",DatiOriginali!C503) -> 391600 | D503: 23364 | E503: =IF(DatiOriginali!E503 >= SogliaPicchi!$B$7,"",DatiOriginali!E503) -> 152800 | F503: 466258 | G503: =IF(DatiOriginali!G503 >= SogliaPicchi!$B$7,"",DatiOriginali!G503) -> 173600 | H503: 570202 | I503: =IF(DatiOriginali!I503 >= SogliaPicchi!$B$7,"",DatiOriginali!I503) -> 45800 | J503: 566485 | K503: =IF(DatiOriginali!K503 >= SogliaPicchi!$B$7,"",DatiOriginali!K503) -> 49800
A504: seq_300_2 | B504: 44850 | C504: =IF(DatiOriginali!C504 >= SogliaPicchi!$B$7,"",DatiOriginali!C504) -> 405800 | D504: 21434 | E504: =IF(DatiOriginali!E504 >= SogliaPicchi!$B$7,"",DatiOriginali!E504) -> 134700 | F504: 468356 | G504: =IF(DatiOriginali!G504 >= SogliaPicchi!$B$7,"",DatiOriginali!G504) -> 192400 | H504: 572905 | I504: =IF(DatiOriginali!I504 >= SogliaPicchi!$B$7,"",DatiOriginali!I504) -> 51800 | J504: 569031 | K504: =IF(DatiOriginali!K504 >= SogliaPicchi!$B$7,"",DatiOriginali!K504) -> 48400
A505: seq_300_3 | B505: 44850 | C505: =IF(DatiOriginali!C505 >= SogliaPicchi!$B$7,"",DatiOriginali!C505) -> 426000 | D505: 23893 | E505: =IF(DatiOriginali!E505 >= SogliaPicchi!$B$7,"",DatiOriginali!E505) -> 173000 | F505: 470462 | G505: =IF(DatiOriginali!G505 >= SogliaPicchi!$B$7,"",DatiOriginali!G505) -> 141800 | H505: 575685 | I505: =IF(DatiOriginali!I505 >= SogliaPicchi!$B$7,"",DatiOriginali!I505) -> 31800 | J505: 571510 | K505: =IF(DatiOriginali!K505 >= SogliaPicchi!$B$7,"",DatiOriginali!K505) -> 37000
A506: seq_300_4 | B506: 44850 | C506: =IF(DatiOriginali!C506 >= SogliaPicchi!$B$7,"",DatiOriginali!C506) -> 366200 | D506: 23208 | E506: =IF(DatiOriginali!E506 >= SogliaPicchi!$B$7,"",DatiOriginali!E506) -> 101200 | F506: 472550 | G506: =IF(DatiOriginali!G506 >= SogliaPicchi!$B$7,"",DatiOriginali!G506) -> 122000 | H506: 578184 | I506: =IF(DatiOriginali!I506 >= SogliaPicchi!$B$7,"",DatiOriginali!I506) -> 32200 | J506: 574030 | K506: =IF(DatiOriginali!K506 >= SogliaPicchi!$B$7,"",DatiOriginali!K506) -> 36600
A507: seq_300_5 | B507: 44850 | C507: =IF(DatiOriginali!C507 >= SogliaPicchi!$B$7,"",DatiOriginali!C507) -> 428500 | D507: 23152 | E507: =IF(DatiOriginali!E507 >= SogliaPicchi!$B$7,"",DatiOriginali!E507) -> 150500 | F507: 474651 | G507: =IF(DatiOriginali!G507 >= SogliaPicchi!$B$7,"",DatiOriginali!G507) -> 158900 | H507: 580524 | I507: =IF(DatiOriginali!I507 >= SogliaPicchi!$B$7,"",DatiOriginali!I507) -> 44400 | J507: 576412 | K507: =IF(DatiOriginali!K507 >= SogliaPicchi!$B$7,"",DatiOriginali!K507) -> 51400
A508: seq_300_6 | B508: 44850 | C508: =IF(DatiOriginali!C508 >= SogliaPicchi!$B$7,"",DatiOriginali!C508) -> 390300 | D508: 22190 | E508: =IF(DatiOriginali!E508 >= SogliaPicchi!$B$7,"",DatiOriginali!E508) -> 88200 | F508: 476753 | G508: =IF(DatiOriginali!G508 >= SogliaPicchi!$B$7,"",DatiOriginali!G508) -> 113700 | H508: 583113 | I508: =IF(DatiOriginali!I508 >= SogliaPicchi!$B$7,"",DatiOriginali!I508) -> 32000 | J508: 579439 | K508: =IF(DatiOriginali!K508 >= SogliaPicchi!$B$7,"",DatiOriginali!K508) -> 38400
A509: seq_300_7 | B509: 44850 | C509: =IF(DatiOriginali!C509 >= SogliaPicchi!$B$7,"",DatiOriginali!C509) -> 384400 | D509: 22598 | E509: =IF(DatiOriginali!E509 >= SogliaPicchi!$B$7,"",DatiOriginali!E509) -> 96300 | F509: 478852 | G509: =IF(DatiOriginali!G509 >= SogliaPicchi!$B$7,"",DatiOriginali!G509) -> 112100 | H509: 585850 | I509: =IF(DatiOriginali!I509 >= SogliaPicchi!$B$7,"",DatiOriginali!I509) -> 34200 | J509: 581894 | K509: =IF(DatiOriginali!K509 >= SogliaPicchi!$B$7,"",DatiOriginali!K509) -> 38100
A510: seq_300_8 | B510: 44850 | C510: =IF(DatiOriginali!C510 >= SogliaPicchi!$B$7,"",DatiOriginali!C510) -> 282300 | D510: 22309 | E510: =IF(DatiOriginali!E510 >= SogliaPicchi!$B$7,"",DatiOriginali!E510) -> 82800 | F510: 480948 | G510: =IF(DatiOriginali!G510 >= SogliaPicchi!$B$7,"",DatiOriginali!G510) -> 100100 | H510: 588303 | I510: =IF(DatiOriginali!I510 >= SogliaPicchi!$B$7,"",DatiOriginali!I510) -> 32300 | J510: 584753 | K510: =IF(DatiOriginali!K510 >= SogliaPicchi!$B$7,"",DatiOriginali!K510) -> 38400
A511: seq_300_9 | B511: 44850 | C511: =IF(DatiOriginali!C511 >= SogliaPicchi!$B$7,"",DatiOriginali!C511) -> 276700 | D511: 22936 | E511: =IF(DatiOriginali!E511 >= SogliaPicchi!$B$7,"",DatiOriginali!E511) -> 205000 | F511: 483047 | G511: =IF(DatiOriginali!G511 >= SogliaPicchi!$B$7,"",DatiOriginali!G511) -> 161200 | H511: 590932 | I511: =IF(DatiOriginali!I511 >= SogliaPicchi!$B$7,"",DatiOriginali!I511) -> 46600 | J511: 587243 | K511: =IF(DatiOriginali!K511 >= SogliaPicchi!$B$7,"",DatiOriginali!K511) -> 52500
A512: seq_300_10 | B512: 44850 | C512: =IF(DatiOriginali!C512 >= SogliaPicchi!$B$7,"",DatiOriginali!C512) -> 280700 | D512: 21691 | E512: =IF(DatiOriginali!E512 >= SogliaPicchi!$B$7,"",DatiOriginali!E512) -> 80800 | F512: 485142 | G512: =IF(DatiOriginali!G512 >= SogliaPicchi!$B$7,"",DatiOriginali!G512) -> 131500 | H512: 593138 | I512: =IF(DatiOriginali!I512 >= SogliaPicchi!$B$7,"",DatiOriginali!I512) -> 30900 | J512: 589886 | K512: =IF(DatiOriginali!K512 >= SogliaPicchi!$B$7,"",DatiOriginali!K512) -> 37000
A513: seq_300_11 | B513: 44850 | C513: =IF(DatiOriginali!C513 >= SogliaPicchi!$B$7,"",DatiOriginali!C513) -> 290500 | D513: 23477 | E513: =IF(DatiOriginali!E513 >= SogliaPicchi!$B$7,"",DatiOriginali!E513) -> 85100 | F513: 487244 | G513: =IF(DatiOriginali!G513 >= SogliaPicchi!$B$7,"",DatiOriginali!G513) -> 100000 | H513: 595565 | I513: =IF(DatiOriginali!I513 >= SogliaPicchi!$B$7,"",DatiOriginali!I513) -> 33500 | J513: 592306 | K513: =IF(DatiOriginali!K513 >= SogliaPicchi!$B$7,"",DatiOriginali!K513) -> 38000
... A600: seq_300_98 | B600: 44850 | C600: =IF(DatiOriginali!C600 >= SogliaPicchi!$B$7,"",DatiOriginali!C600) -> 282500 | D600: 23088 | E600: =IF(DatiOriginali!E600 >= SogliaPicchi!$B$7,"",DatiOriginali!E600) -> 83700 | F600: 669707 | G600: =IF(DatiOriginali!G600 >= SogliaPicchi!$B$7,"",DatiOriginali!G600) -> 111400 | H600: 819794 | I600: =IF(DatiOriginali!I600 >= SogliaPicchi!$B$7,"",DatiOriginali!I600) -> 30700 | J600: 817103 | K600: =IF(DatiOriginali!K600 >= SogliaPicchi!$B$7,"",DatiOriginali!K600) -> 36600
A601: seq_300_99 | B601: 44850 | C601: =IF(DatiOriginali!C601 >= SogliaPicchi!$B$7,"",DatiOriginali!C601) -> 299900 | D601: 24355 | E601: =IF(DatiOriginali!E601 >= SogliaPicchi!$B$7,"",DatiOriginali!E601) -> 87100 | F601: 671818 | G601: =IF(DatiOriginali!G601 >= SogliaPicchi!$B$8,"",DatiOriginali!G601) -> 107800 | H601: 822349 | I601: =IF(DatiOriginali!I601 >= SogliaPicchi!$B$8,"",DatiOriginali!I601) -> 31200 | J601: 819426 | K601: =IF(DatiOriginali!K601 >= SogliaPicchi!$B$8,"",DatiOriginali!K601) -> 36100
A602: seq_350_0 | B602: 61075 | C602: =IF(DatiOriginali!C602 >= SogliaPicchi!$B$8,"",DatiOriginali!C602) -> 382700 | D602: 31314 | E602: =IF(DatiOriginali!E602 >= SogliaPicchi!$B$8,"",DatiOriginali!E602) -> 111600 | F602: 674352 | G602: =IF(DatiOriginali!G602 >= SogliaPicchi!$B$8,"",DatiOriginali!G602) -> 124200 | H602: 825560 | I602: =IF(DatiOriginali!I602 >= SogliaPicchi!$B$8,"",DatiOriginali!I602) -> 37300 | J602: 822255 | K602: =IF(DatiOriginali!K602 >= SogliaPicchi!$B$8,"",DatiOriginali!K602) -> 39600
A603: seq_350_1 | B603: 61075 | C603: =IF(DatiOriginali!C603 >= SogliaPicchi!$B$8,"",DatiOriginali!C603) -> 430200 | D603: 30217 | E603: =IF(DatiOriginali!E603 >= SogliaPicchi!$B$8,"",DatiOriginali!E603) -> 110700 | F603: 676882 | G603: =IF(DatiOriginali!G603 >= SogliaPicchi!$B$8,"",DatiOriginali!G603) -> 121800 | H603: 828585 | I603: =IF(DatiOriginali!I603 >= SogliaPicchi!$B$8,"",DatiOriginali!I603) -> 36900 | J603: 825486 | K603: =IF(DatiOriginali!K603 >= SogliaPicchi!$B$8,"",DatiOriginali!K603) -> 42500
A604: seq_350_2 | B604: 61075 | C604: =IF(DatiOriginali!C604 >= SogliaPicchi!$B$8,"",DatiOriginali!C604) -> 507300 | D604: 30550 | E604: =IF(DatiOriginali!E604 >= SogliaPicchi!$B$8,"",DatiOriginali!E604) -> 139200 | F604: 679397 | G604: =IF(DatiOriginali!G604 >= SogliaPicchi!$B$8,"",DatiOriginali!G604) -> 129500 | H604: 831932 | I604: =IF(DatiOriginali!I604 >= SogliaPicchi!$B$8,"",DatiOriginali!I604) -> 36000 | J604: 828469 | K604: =IF(DatiOriginali!K604 >= SogliaPicchi!$B$8,"",DatiOriginali!K604) -> 47100
A605: seq_350_3 | B605: 61075 | C605: =IF(DatiOriginali!C605 >= SogliaPicchi!$B$8,"",DatiOriginali!C605) -> 420600 | D605: 32260 | E605: =IF(DatiOriginali!E605 >= SogliaPicchi!$B$8,"",DatiOriginali!E605) -> 115200 | F605: 681923 | G605: =IF(DatiOriginali!G605 >= SogliaPicchi!$B$8,"",DatiOriginali!G605) -> 118100 | H605: 835459 | I605: =IF(DatiOriginali!I605 >= SogliaPicchi!$B$8,"",DatiOriginali!I605) -> 38600 | J605: 831412 | K605: =IF(DatiOriginali!K605 >= SogliaPicchi!$B$8,"",DatiOriginali!K605) -> 43800
A606: seq_350_4 | B606: 61075 | C606: =IF(DatiOriginali!C606 >= SogliaPicchi!$B$8,"",DatiOriginali!C606) -> 457300 | D606: 29451 | E606: =IF(DatiOriginali!E606 >= SogliaPicchi!$B$8,"",DatiOriginali!E606) -> 126800 | F606: 684440 | G606: =IF(DatiOriginali!G606 >= SogliaPicchi!$B$8,"",DatiOriginali!G606) -> 156100 | H606: 838880 | I606: =IF(DatiOriginali!I606 >= SogliaPicchi!$B$8,"",DatiOriginali!I606) -> 46200 | J606: 834520 | K606: =IF(DatiOriginali!K606 >= SogliaPicchi!$B$8,"",DatiOriginali!K606) -> 50700
A607: seq_350_5 | B607: 61075 | C607: =IF(DatiOriginali!C607 >= SogliaPicchi!$B$8,"",DatiOriginali!C607) -> 442600 | D607: 31745 | E607: =IF(DatiOriginali!E607 >= SogliaPicchi!$B$8,"",DatiOriginali!E607) -> 136300 | F607: 686961 | G607: =IF(DatiOriginali!G607 >= SogliaPicchi!$B$8,"",DatiOriginali!G607) -> 160300 | H607: 842530 | I607: =IF(DatiOriginali!I607 >= SogliaPicchi!$B$8,"",DatiOriginali!I607) -> 47800 | J607: 837518 | K607: =IF(DatiOriginali!K607 >= SogliaPicchi!$B$8,"",DatiOriginali!K607) -> 52600
A608: seq_350_6 | B608: 61075 | C608: =IF(DatiOriginali!C608 >= SogliaPicchi!$B$8,"",DatiOriginali!C608) -> 491000 | D608: 30577 | E608: =IF(DatiOriginali!E608 >= SogliaPicchi!$B$8,"",DatiOriginali!E608) -> 117000 | F608: 689488 | G608: =IF(DatiOriginali!G608 >= SogliaPicchi!$B$8,"",DatiOriginali!G608) -> 134100 | H608: 845678 | I608: =IF(DatiOriginali!I608 >= SogliaPicchi!$B$8,"",DatiOriginali!I608) -> 43800 | J608: 840846 | K608: =IF(DatiOriginali!K608 >= SogliaPicchi!$B$8,"",DatiOriginali!K608) -> 44000
A609: seq_350_7 | B609: 61075 | C609: =IF(DatiOriginali!C609 >= SogliaPicchi!$B$8,"",DatiOriginali!C609) -> 443900 | D609: 31203 | E609: =IF(DatiOriginali!E609 >= SogliaPicchi!$B$8,"",DatiOriginali!E609) -> 113600 | F609: 691985 | G609: =IF(DatiOriginali!G609 >= SogliaPicchi!$B$8,"",DatiOriginali!G609) -> 122800 | H609: 848533 | I609: =IF(DatiOriginali!I609 >= SogliaPicchi!$B$8,"",DatiOriginali!I609) -> 36200 | J609: 843843 | K609: =IF(DatiOriginali!K609 >= SogliaPicchi!$B$8,"",DatiOriginali!K609) -> 41500
...

Sheet Min
A1: n | B1: ConfrontiOttimoBS | C1: TnsOttimoBS | D1: ConfrontiOttimoIS | E1: TnsOttimoIS | F1: ConfrontiOttimoMS | G1: TnsOttimoMS | H1: ConfrontiOttimoQS | I1: TnsOttimoQS | J1: ConfrontiOttimoQSR | K1: TnsOttimoQSR
A2: 50 | B2: =MIN(DatiRipuliti!B2:B101) -> 1225 | C2: =MIN(DatiRipuliti!C2:C101) -> 43100 | D2: =MIN(DatiRipuliti!D2:D101) -> 544 | E2: =MIN(DatiRipuliti!E2:E101) -> 17100 | F2: =MIN(DatiRipuliti!F2:F101) -> 226 | G2: =MIN(DatiRipuliti!G2:G101) -> 29100 | H2: =MIN(DatiRipuliti!H2:H101) -> 216 | I2: =MIN(DatiRipuliti!I2:I101) -> 10800 | ... K2: =MIN(DatiRipuliti!K2:K101) -> 12500
A3: 100 | B3: =MIN(DatiRipuliti!B102:B201) -> 4950 | C3: =MIN(DatiRipuliti!C102:C201) -> 32300 | D3: =MIN(DatiRipuliti!D102:D201) -> 2125 | E3: =MIN(DatiRipuliti!E102:E201) -> 10800 | F3: =MIN(DatiRipuliti!F102:F201) -> 22744 | G3: =MIN(DatiRipuliti!G102:G201) -> 30600 | H3: =MIN(DatiRipuliti!H102:H201) -> 26734 | I3: =MIN(DatiRipuliti!I102:I201) -> 9000 | ... K3: =MIN(DatiRipuliti!K102:K201) -> 10900
A4: 150 | B4: =MIN(DatiRipuliti!B202:B301) -> 11175 | C4: =MIN(DatiRipuliti!C202:C301) -> 63700 | D4: =MIN(DatiRipuliti!D202:D301) -> 5076 | E4: =MIN(DatiRipuliti!E202:E301) -> 20900 | F4: =MIN(DatiRipuliti!F202:F301) -> 77203 | G4: =MIN(DatiRipuliti!G202:G301) -> 43900 | H4: =MIN(DatiRipuliti!H202:H301) -> 92464 | I4: =MIN(DatiRipuliti!I202:I301) -> 13500 | ... K4: =MIN(DatiRipuliti!K202:K301) -> 16800
A5: 200 | B5: =MIN(DatiRipuliti!B302:B401) -> 19900 | C5: =MIN(DatiRipuliti!C302:C401) -> 113700 | D5: =MIN(DatiRipuliti!D302:D401) -> 9108 | E5: =MIN(DatiRipuliti!E302:E401) -> 34800 | F5: =MIN(DatiRipuliti!F302:F401) -> 167451 | G5: =MIN(DatiRipuliti!G302:G401) -> 61100 | H5: =MIN(DatiRipuliti!H302:H401) -> 201247 | I5: =MIN(DatiRipuliti!I302:I401) -> 19000 | ... K5: =MIN(DatiRipuliti!K302:K401) -> 21900
A6: 250 | B6: =MIN(DatiRipuliti!B402:B501) -> 31125 | C6: =MIN(DatiRipuliti!C402:C501) -> 181800 | D6: =MIN(DatiRipuliti!D402:D501) -> 14401 | E6: =MIN(DatiRipuliti!E402:E501) -> 53900 | F6: =MIN(DatiRipuliti!F402:F501) -> 295965 | G6: =MIN(DatiRipuliti!G402:G501) -> 78600 | H6: =MIN(DatiRipuliti!H402:H501) -> 358596 | I6: =MIN(DatiRipuliti!I402:I501) -> 24000 | ... K6: =MIN(DatiRipuliti!K402:K501) -> 27600
A7: 300 | B7: =MIN(DatiRipuliti!B502:B601) -> 44850 | C7: =MIN(DatiRipuliti!C502:C601) -> 262800 | D7: =MIN(DatiRipuliti!D502:D601) -> 20801 | E7: =MIN(DatiRipuliti!E502:E601) -> 77700 | F7: =MIN(DatiRipuliti!F502:F601) -> 464143 | G7: =MIN(DatiRipuliti!G502:G601) -> 97600 | H7: =MIN(DatiRipuliti!H502:H601) -> 567304 | I7: =MIN(DatiRipuliti!I502:I601) -> 30600 | ... K7: =MIN(DatiRipuliti!K502:K601) -> 34600
A8: 350 | B8: =MIN(DatiRipuliti!B602:B701) -> 61075 | C8: =MIN(DatiRipuliti!C602:C701) -> 370100 | D8: =MIN(DatiRipuliti!D602:D701) -> 27982 | E8: =MIN(DatiRipuliti!E602:E701) -> 102500 | F8: =MIN(DatiRipuliti!F602:F701) -> 674352 | G8: =MIN(DatiRipuliti!G602:G701) -> 113800 | H8: =MIN(DatiRipuliti!H602:H701) -> 825560 | I8: =MIN(DatiRipuliti!I602:I701) -> 36000 | ... K8: =MIN(DatiRipuliti!K602:K701) -> 39600
A9: 400 | B9: =MIN(DatiRipuliti!B702:B801) -> 79800 | C9: =MIN(DatiRipuliti!C702:C801) -> 479900 | D9: =MIN(DatiRipuliti!D702:D801) -> 37671 | E9: =MIN(DatiRipuliti!E702:E801) -> 134000 | F9: =MIN(DatiRipuliti!F702:F801) -> 927307 | G9: =MIN(DatiRipuliti!G702:G801) -> 131700 | H9: =MIN(DatiRipuliti!H702:H801) -> 1138986 | I9: =MIN(DatiRipuliti!I702:I801) -> 42400 | ... K9: =MIN(DatiRipuliti!K702:K801) -> 47200
A10: 450 | B10: =MIN(DatiRipuliti!B802:B901) -> 101025 | C10: =MIN(DatiRipuliti!C802:C901) -> 608900 | D10: =MIN(DatiRipuliti!D802:D901) -> 47713 | E10: =MIN(DatiRipuliti!E802:E901) -> 170500 | F10: =MIN(DatiRipuliti!F802:F901) -> 1223897 | G10: =MIN(DatiRipuliti!G802:G901) -> 148400 | H10: =MIN(DatiRipuliti!H802:H901) -> 1511744 | I10: =MIN(DatiRipuliti!I802:I901) -> 47200 | ... K10: =MIN(DatiRipuliti!K802:K901) -> 53100
A11: 500 | B11: =MIN(DatiRipuliti!B902:B1001) -> 124750 | C11: =MIN(DatiRipuliti!C902:C1001) -> 774500 | D11: =MIN(DatiRipuliti!D902:D1001) -> 59041 | E11: =MIN(DatiRipuliti!E902:E1001) -> 211600 | F11: =MIN(DatiRipuliti!F902:F1001) -> 1564994 | G11: =MIN(DatiRipuliti!G902:G1001) -> 168600 | H11: =MIN(DatiRipuliti!H902:H1001) -> 1935733 | I11: =MIN(DatiRipuliti!I902:I1001) -> 54300 | ... K11: =MIN(DatiRipuliti!K902:K1001) -> 62100
A12: 550 | B12: =MIN(DatiRipuliti!B1002:B1101) -> 150975 | C12: =MIN(DatiRipuliti!C1002:C1101) -> 963000 | D12: =MIN(DatiRipuliti!D1002:D1101) -> 70914 | E12: =MIN(DatiRipuliti!E1002:E1101) -> 255400 | F12: =MIN(DatiRipuliti!F1002:F1101) -> 1950689 | G12: =MIN(DatiRipuliti!G1002:G1101) -> 187700 | H12: =MIN(DatiRipuliti!H1002:H1101) -> 2413055 | I12: =MIN(DatiRipuliti!I1002:I1101) -> 59800 | ... K12: =MIN(DatiRipuliti!K1002:K1101) -> 68300
A13: 600 | B13: =MIN(DatiRipuliti!B1102:B1201) -> 179700 | C13: =MIN(DatiRipuliti!C1102:C1201) -> 1194700 | D13: =MIN(DatiRipuliti!D1102:D1201) -> 84650 | E13: =MIN(DatiRipuliti!E1102:E1201) -> 296000 | F13: =MIN(DatiRipuliti!F1102:F1201) -> 2383056 | G13: =MIN(DatiRipuliti!G1102:G1201) -> 206500 | H13: =MIN(DatiRipuliti!H1102:H1201) -> 2954344 | I13: =MIN(DatiRipuliti!I1102:I1201) -> 67100 | ... K13: =MIN(DatiRipuliti!K1102:K1201) -> 75100
A14: 650 | B14: =MIN(DatiRipuliti!B1202:B1301) -> 210925 | C14: =MIN(DatiRipuliti!C1202:C1301) -> 1458500 | D14: =MIN(DatiRipuliti!D1202:D1301) -> 97200 | E14: =MIN(DatiRipuliti!E1202:E1301) -> 339400 | F14: =MIN(DatiRipuliti!F1202:F1301) -> 2862911 | G14: =MIN(DatiRipuliti!G1202:G1301) -> 224200 | H14: =MIN(DatiRipuliti!H1202:H1301) -> 3557288 | I14: =MIN(DatiRipuliti!I1202:I1301) -> 73700 | ... K14: =MIN(DatiRipuliti!K1202:K1301) -> 83100
A15: 700 | B15: =MIN(DatiRipuliti!B1302:B1401) -> 244650 | C15: =MIN(DatiRipuliti!C1302:C1401) -> 1740000 | D15: =MIN(DatiRipuliti!D1302:D1401) -> 115188 | E15: =MIN(DatiRipuliti!E1302:E1401) -> 401200 | F15: =MIN(DatiRipuliti!F1302:F1401) -> 3390210 | G15: =MIN(DatiRipuliti!G1302:G1401) -> 244400 | H15: =MIN(DatiRipuliti!H1302:H1401) -> 4219278 | I15: =MIN(DatiRipuliti!I1302:I1401) -> 79800 | ... K15: =MIN(DatiRipuliti!K1302:K1401) -> 89700
A16: 750 | B16: =MIN(DatiRipuliti!B1402:B1501) -> 280875 | C16: =MIN(DatiRipuliti!C1402:C1501) -> 1968200 | D16: =MIN(DatiRipuliti!D1402:D1501) -> 129878 | E16: =MIN(DatiRipuliti!E1402:E1501) -> 455100 | F16: =MIN(DatiRipuliti!F1402:F1501) -> 3965709 | G16: =MIN(DatiRipuliti!G1402:G1501) -> 266300 | H16: =MIN(DatiRipuliti!H1402:H1501) -> 4935740 | I16: =MIN(DatiRipuliti!I1402:I1501) -> 87300 | ... K16: =MIN(DatiRipuliti!K1402:K1501) -> 96700
A17: 800 | B17: =MIN(DatiRipuliti!B1502:B1601) -> 319600 | C17: =MIN(DatiRipuliti!C1502:C1601) -> 2324000 | D17: =MIN(DatiRipuliti!D1502:D1601) -> 150497 | E17: =MIN(DatiRipuliti!E1502:E1601) -> 524500 | F17: =MIN(DatiRipuliti!F1502:F1601) -> 4589564 | G17: =MIN(DatiRipuliti!G1502:G1601) -> 286800 | H17: =MIN(DatiRipuliti!H1502:H1601) -> 5722286 | I17: =MIN(DatiRipuliti!I1502:I1601) -> 94700 | ... K17: =MIN(DatiRipuliti!K1502:K1601) -> 104400
A18: 850 | B18: =MIN(DatiRipuliti!B1602:B1701) -> 360825 | C18: =MIN(DatiRipuliti!C1602:C1701) -> 2638100 | D18: =MIN(DatiRipuliti!D1602:D1701) -> 172049 | E18: =MIN(DatiRipuliti!E1602:E1701) -> 606300 | F18: =MIN(DatiRipuliti!F1602:F1701) -> 5262512 | G18: =MIN(DatiRipuliti!G1602:G1701) -> 306500 | H18: =MIN(DatiRipuliti!H1602:H1701) -> 6560817 | I18: =MIN(DatiRipuliti!I1602:I1701) -> 101600 | ... K18: =MIN(DatiRipuliti!K1602:K1701) -> 111500
A19: 900 | B19: =MIN(DatiRipuliti!B1702:B1801) -> 404550 | C19: =MIN(DatiRipuliti!C1702:C1801) -> 3095100 | D19: =MIN(DatiRipuliti!D1702:D1801) -> 193118 | E19: =MIN(DatiRipuliti!E1702:E1801) -> 668500 | F19: =MIN(DatiRipuliti!F1702:F1801) -> 5984400 | G19: =MIN(DatiRipuliti!G1702:G1801) -> 322400 | H19: =MIN(DatiRipuliti!H1702:H1801) -> 7467881 | I19: =MIN(DatiRipuliti!I1702:I1801) -> 107400 | ... K19: =MIN(DatiRipuliti!K1702:K1801) -> 120900
A20: 950 | B20: =MIN(DatiRipuliti!B1802:B1901) -> 450775 | C20: =MIN(DatiRipuliti!C1802:C1901) -> 3423000 | D20: =MIN(DatiRipuliti!D1802:D1901) -> 215136 | E20: =MIN(DatiRipuliti!E1802:E1901) -> 743300 | F20: =MIN(DatiRipuliti!F1802:F1901) -> 6755660 | G20: =MIN(DatiRipuliti!G1802:G1901) -> 345100 | H20: =MIN(DatiRipuliti!H1802:H1901) -> 8432250 | I20: =MIN(DatiRipuliti!I1802:I1901) -> 114700 | ... K20: =MIN(DatiRipuliti!K1802:K1901) -> 126000
A21: 1000 | B21: =MIN(DatiRipuliti!B1902:B2001) -> 499500 | C21: =MIN(DatiRipuliti!C1902:C2001) -> 3939000 | D21: =MIN(DatiRipuliti!D1902:D2001) -> 239293 | E21: =MIN(DatiRipuliti!E1902:E2001) -> 830500 | F21: =MIN(DatiRipuliti!F1902:F2001) -> 7576926 | G21: =MIN(DatiRipuliti!G1902:G2001) -> 365600 | H21: =MIN(DatiRipuliti!H1902:H2001) -> 9456648 | I21: =MIN(DatiRipuliti!I1902:I2001) -> 122400 | ... K21: =MIN(DatiRipuliti!K1902:K2001) -> 135200
A22: 1050 | B22: =MIN(DatiRipuliti!B2002:B2101) -> 550725 | C22: =MIN(DatiRipuliti!C2002:C2101) -> 4445300 | D22: =MIN(DatiRipuliti!D2002:D2101) -> 263572 | E22: =MIN(DatiRipuliti!E2002:E2101) -> 921500 | F22: =MIN(DatiRipuliti!F2002:F2101) -> 8448068 | G22: =MIN(DatiRipuliti!G2002:G2101) -> 384900 | H22: =MIN(DatiRipuliti!H2002:H2101) -> 10566990 | I22: =MIN(DatiRipuliti!I2002:I2101) -> 128600 | ... K22: =MIN(DatiRipuliti!K2002:K2101) -> 143400
A23: 1100 | B23: =MIN(DatiRipuliti!B2102:B2201) -> 604450 | C23: =MIN(DatiRipuliti!C2102:C2201) -> 4883400 | D23: =MIN(DatiRipuliti!D2102:D2201) -> 287156 | E23: =MIN(DatiRipuliti!E2102:E2201) -> 997700 | F23: =MIN(DatiRipuliti!F2102:F2201) -> 9370368 | G23: =MIN(DatiRipuliti!G2102:G2201) -> 408800 | H23: =MIN(DatiRipuliti!H2102:H2201) -> 11738585 | I23: =MIN(DatiRipuliti!I2102:I2201) -> 135800 | ... K23: =MIN(DatiRipuliti!K2102:K2201) -> 150900
A24: 1150 | B24: =MIN(DatiRipuliti!B2202:B2301) -> 660675 | C24: =MIN(DatiRipuliti!C2202:C2301) -> 5424300 | D24: =MIN(DatiRipuliti!D2202:D2301) -> 317411 | E24: =MIN(DatiRipuliti!E2202:E2301) -> 1101800 | F24: =MIN(DatiRipuliti!F2202:F2301) -> 10344905 | G24: =MIN(DatiRipuliti!G2202:G2301) -> 429800 | H24: =MIN(DatiRipuliti!H2202:H2301) -> 12963002 | I24: =MIN(DatiRipuliti!I2202:I2301) -> 139800 | ... K24: =MIN(DatiRipuliti!K2202:K2301) -> 159700
A25: 1200 | B25: =MIN(DatiRipuliti!B2302:B2401) -> 719400 | C25: =MIN(DatiRipuliti!C2302:C2401) -> 5975800 | D25: =MIN(DatiRipuliti!D2302:D2401) -> 343809 | E25: =MIN(DatiRipuliti!E2302:E2401) -> 1197900 | F25: =MIN(DatiRipuliti!F2302:F2401) -> 11371145 | G25: =MIN(DatiRipuliti!G2302:G2401) -> 450300 | H25: =MIN(DatiRipuliti!H2302:H2401) -> 14247432 | I25: =MIN(DatiRipuliti!I2302:I2401) -> 149800 | ... K25: =MIN(DatiRipuliti!K2302:K2401) -> 167000
A26: 1250 | B26: =MIN(DatiRipuliti!B2402:B2501) -> 780625 | C26: =MIN(DatiRipuliti!C2402:C2501) -> 6563100 | D26: =MIN(DatiRipuliti!D2402:D2501) -> 371171 | E26: =MIN(DatiRipuliti!E2402:E2501) -> 1280600 | F26: =MIN(DatiRipuliti!F2402:F2501) -> 12450264 | G26: =MIN(DatiRipuliti!G2402:G2501) -> 467100 | H26: =MIN(DatiRipuliti!H2402:H2501) -> 15616980 | I26: =MIN(DatiRipuliti!I2402:I2501) -> 157500 | ... K26: =MIN(DatiRipuliti!K2402:K2501) -> 175000
A27: 1300 | B27: =MIN(DatiRipuliti!B2502:B2601) -> 844350 | C27: =MIN(DatiRipuliti!C2502:C2601) -> 7234800 | D27: =MIN(DatiRipuliti!D2502:D2601) -> 401048 | E27: =MIN(DatiRipuliti!E2502:E2601) -> 1405000 | F27: =MIN(DatiRipuliti!F2502:F2601) -> 13581334 | G27: =MIN(DatiRipuliti!G2502:G2601) -> 486400 | H27: =MIN(DatiRipuliti!H2502:H2601) -> 17062751 | I27: =MIN(DatiRipuliti!I2502:I2601) -> 167300 | ... K27: =MIN(DatiRipuliti!K2502:K2601) -> 183700
A28: 1350 | B28: =MIN(DatiRipuliti!B2602:B2701) -> 910575 | C28: =MIN(DatiRipuliti!C2602:C2701) -> 7921800 | D28: =MIN(DatiRipuliti!D2602:D2701) -> 439978 | E28: =MIN(DatiRipuliti!E2602:E2701) -> 1528000 | F28: =MIN(DatiRipuliti!F2602:F2701) -> 14765009 | G28: =MIN(DatiRipuliti!G2602:G2701) -> 513300 | H28: =MIN(DatiRipuliti!H2602:H2701) -> 18570027 | I28: =MIN(DatiRipuliti!I2602:I2701) -> 174000 | ... K28: =MIN(DatiRipuliti!K2602:K2701) -> 189600
A29: 1400 | B29: =MIN(DatiRipuliti!B2702:B2801) -> 979300 | C29: =MIN(DatiRipuliti!C2702:C2801) -> 8507500 | D29: =MIN(DatiRipuliti!D2702:D2801) -> 472727 | E29: =MIN(DatiRipuliti!E2702:E2801) -> 1644000 | F29: =MIN(DatiRipuliti!F2702:F2801) -> 16002072 | G29: =MIN(DatiRipuliti!G2702:G2801) -> 534400 | H29: =MIN(DatiRipuliti!H2702:H2801) -> 20135198 | I29: =MIN(DatiRipuliti!I2702:I2801) -> 179600 | ... K29: =MIN(DatiRipuliti!K2702:K2801) -> 197800
A30: 1450 | B30: =MIN(DatiRipuliti!B2802:B2901) -> 1050525 | C30: =MIN(DatiRipuliti!C2802:C2901) -> 9228600 | D30: =MIN(DatiRipuliti!D2802:D2901) -> 505538 | E30: =MIN(DatiRipuliti!E2802:E2901) -> 1744700 | F30: =MIN(DatiRipuliti!F2802:F2901) -> 17292420 | G30: =MIN(DatiRipuliti!G2802:G2901) -> 556800 | H30: =MIN(DatiRipuliti!H2802:H2901) -> 21759591 | I30: =MIN(DatiRipuliti!I2802:I2901) -> 189300 | ... K30: =MIN(DatiRipuliti!K2802:K2901) -> 207100
A31: 1500 | B31: =MIN(DatiRipuliti!B2902:B3001) -> 1124250 | C31: =MIN(DatiRipuliti!C2902:C3001) -> 9857900 | D31: =MIN(DatiRipuliti!D2902:D3001) -> 540543 | E31: =MIN(DatiRipuliti!E2902:E3001) -> 1866700 | F31: =MIN(DatiRipuliti!F2902:F3001) -> 18636078 | G31: =MIN(DatiRipuliti!G2902:G3001) -> 574300 | H31: =MIN(DatiRipuliti!H2902:H3001) -> 23486253 | I31: =MIN(DatiRipuliti!I2902:I3001) -> 193000 | ... K31: =MIN(DatiRipuliti!K2902:K3001) -> 213700
A1048576: =SUM(A2:A1048575) -> 23250

Sheet Max
A1: n | B1: ConfrontiPessimoBS | C1: TnsPessimoBS | D1: ConfrontiPessimoIS | E1: TnsPessimoIS | F1: ConfrontiPessimoMS | G1: TnsPessimoMS | H1: ConfrontiPessimoQS | I1: TnsPessimoQS | J1: ConfrontiPessimoQSR | K1: TnsPessimoQSR
A2: 50 | B2: =MAX(DatiRipuliti!B2:B101) -> 1225 | C2: =MAX(DatiRipuliti!C2:C101) -> 728600 | D2: =MAX(DatiRipuliti!D2:D101) -> 822 | E2: =MAX(DatiRipuliti!E2:E101) -> 275300 | F2: =MAX(DatiRipuliti!F2:F101) -> 22200 | G2: =MAX(DatiRipuliti!G2:G101) -> 462800 | H2: =MAX(DatiRipuliti!H2:H101) -> 26083 | I2: =MAX(DatiRipuliti!I2:I101) -> 201200 | ... K2: =MAX(DatiRipuliti!K2:K101) -> 225800
A3: 100 | B3: =MAX(DatiRipuliti!B102:B201) -> 4950 | C3: =MAX(DatiRipuliti!C102:C201) -> 52800 | D3: =MAX(DatiRipuliti!D102:D201) -> 3000 | E3: =MAX(DatiRipuliti!E102:E201) -> 132400 | F3: =MAX(DatiRipuliti!F102:F201) -> 76305 | G3: =MAX(DatiRipuliti!G102:G201) -> 73300 | H3: =MAX(DatiRipuliti!H102:H201) -> 91469 | I3: =MAX(DatiRipuliti!I102:I201) -> 74700 | ... K3: =MAX(DatiRipuliti!K102:K201) -> 69800
A4: 150 | B4: =MAX(DatiRipuliti!B202:B301) -> 11175 | C4: =MAX(DatiRipuliti!C202:C301) -> 110300 | D4: =MAX(DatiRipuliti!D202:D301) -> 6310 | E4: =MAX(DatiRipuliti!E202:E301) -> 47600 | F4: =MAX(DatiRipuliti!F202:F301) -> 166170 | G4: =MAX(DatiRipuliti!G202:G301) -> 107800 | H4: =MAX(DatiRipuliti!H202:H301) -> 199706 | I4: =MAX(DatiRipuliti!I202:I301) -> 46700 | ... K4: =MAX(DatiRipuliti!K202:K301) -> 39300
A5: 200 | B5: =MAX(DatiRipuliti!B302:B401) -> 19900 | C5: =MAX(DatiRipuliti!C302:C401) -> 216300 | D5: =MAX(DatiRipuliti!D302:D401) -> 11203 | E5: =MAX(DatiRipuliti!E302:E401) -> 79700 | F5: =MAX(DatiRipuliti!F302:F401) -> 294277 | G5: =MAX(DatiRipuliti!G302:G401) -> 149900 | H5: =MAX(DatiRipuliti!H302:H401) -> 356749 | I5: =MAX(DatiRipuliti!I302:I401) -> 33800 | ... K5: =MAX(DatiRipuliti!K302:K401) -> 83300
A6: 250 | B6: =MAX(DatiRipuliti!B402:B501) -> 31125 | C6: =MAX(DatiRipuliti!C402:C501) -> 393100 | D6: =MAX(DatiRipuliti!D402:D501) -> 17461 | E6: =MAX(DatiRipuliti!E402:E501) -> 128100 | F6: =MAX(DatiRipuliti!F402:F501) -> 462029 | G6: =MAX(DatiRipuliti!G402:G501) -> 160300 | H6: =MAX(DatiRipuliti!H402:H501) -> 564793 | I6: =MAX(DatiRipuliti!I402:I501) -> 56600 | ... K6: =MAX(DatiRipuliti!K402:K501) -> 50200
A7: 300 | B7: =MAX(DatiRipuliti!B502:B601) -> 44850 | C7: =MAX(DatiRipuliti!C502:C601) -> 428500 | D7: =MAX(DatiRipuliti!D502:D601) -> 24642 | E7: =MAX(DatiRipuliti!E502:E601) -> 205000 | F7: =MAX(DatiRipuliti!F502:F601) -> 671818 | G7: =MAX(DatiRipuliti!G502:G601) -> 220300 | H7: =MAX(DatiRipuliti!H502:H601) -> 822349 | I7: =MAX(DatiRipuliti!I502:I601) -> 51800 | ... K7: =MAX(DatiRipuliti!K502:K601) -> 67100
A8: 350 | B8: =MAX(DatiRipuliti!B602:B701) -> 61075 | C8: =MAX(DatiRipuliti!C602:C701) -> 564800 | D8: =MAX(DatiRipuliti!D602:D701) -> 33354 | E8: =MAX(DatiRipuliti!E602:E701) -> 230800 | F8: =MAX(DatiRipuliti!F602:F701) -> 924351 | G8: =MAX(DatiRipuliti!G602:G701) -> 350700 | H8: =MAX(DatiRipuliti!H602:H701) -> 1135369 | I8: =MAX(DatiRipuliti!I602:I701) -> 63600 | ... K8: =MAX(DatiRipuliti!K602:K701) -> 82000
A9: 400 | B9: =MAX(DatiRipuliti!B702:B801) -> 79800 | C9: =MAX(DatiRipuliti!C702:C801) -> 736200 | D9: =MAX(DatiRipuliti!D702:D801) -> 42854 | E9: =MAX(DatiRipuliti!E702:E801) -> 266000 | F9: =MAX(DatiRipuliti!F702:F801) -> 1220477 | G9: =MAX(DatiRipuliti!G702:G801) -> 271400 | H9: =MAX(DatiRipuliti!H702:H801) -> 1507050 | I9: =MAX(DatiRipuliti!I702:I801) -> 71800 | ... K9: =MAX(DatiRipuliti!K702:K801) -> 78000
A10: 450 | B10: =MAX(DatiRipuliti!B802:B901) -> 101025 | C10: =MAX(DatiRipuliti!C802:C901) -> 1023500 | D10: =MAX(DatiRipuliti!D802:D901) -> 54507 | E10: =MAX(DatiRipuliti!E802:E901) -> 354600 | F10: =MAX(DatiRipuliti!F802:F901) -> 1561118 | G10: =MAX(DatiRipuliti!G802:G901) -> 271300 | H10: =MAX(DatiRipuliti!H802:H901) -> 1930954 | I10: =MAX(DatiRipuliti!I802:I901) -> 69900 | ... K10: =MAX(DatiRipuliti!K802:K901) -> 81800
A11: 500 | B11: =MAX(DatiRipuliti!B902:B1001) -> 124750 | C11: =MAX(DatiRipuliti!C902:C1001) -> 1381600 | D11: =MAX(DatiRipuliti!D902:D1001) -> 66990 | E11: =MAX(DatiRipuliti!E902:E1001) -> 383600 | F11: =MAX(DatiRipuliti!F902:F1001) -> 1946372 | G11: =MAX(DatiRipuliti!G902:G1001) -> 303900 | H11: =MAX(DatiRipuliti!H902:H1001) -> 2407597 | I11: =MAX(DatiRipuliti!I902:I1001) -> 104200 | ... K11: =MAX(DatiRipuliti!K902:K1001) -> 98600
A12: 550 | B12: =MAX(DatiRipuliti!B1002:B1101) -> 150975 | C12: =MAX(DatiRipuliti!C1002:C1101) -> 1513900 | D12: =MAX(DatiRipuliti!D1002:D1101) -> 81666 | E12: =MAX(DatiRipuliti!E1002:E1101) -> 456900 | F12: =MAX(DatiRipuliti!F1002:F1101) -> 2378256 | G12: =MAX(DatiRipuliti!G1002:G1101) -> 1689100 | H12: =MAX(DatiRipuliti!H1002:H1101) -> 2948144 | I12: =MAX(DatiRipuliti!I1002:I1101) -> 174500 | ... K12: =MAX(DatiRipuliti!K1002:K1101) -> 98200
A13: 600 | B13: =MAX(DatiRipuliti!B1102:B1201) -> 179700 | C13: =MAX(DatiRipuliti!C1102:C1201) -> 1810000 | D13: =MAX(DatiRipuliti!D1102:D1201) -> 95497 | E13: =MAX(DatiRipuliti!E1102:E1201) -> 587800 | F13: =MAX(DatiRipuliti!F1102:F1201) -> 2857621 | G13: =MAX(DatiRipuliti!G1102:G1201) -> 327100 | H13: =MAX(DatiRipuliti!H1102:H1201) -> 3550603 | I13: =MAX(DatiRipuliti!I1102:I1201) -> 107000 | ... K13: =MAX(DatiRipuliti!K1102:K1201) -> 128400
A14: 650 | B14: =MAX(DatiRipuliti!B1202:B1301) -> 210925 | C14: =MAX(DatiRipuliti!C1202:C1301) -> 2035500 | D14: =MAX(DatiRipuliti!D1202:D1301) -> 113534 | E14: =MAX(DatiRipuliti!E1202:E1301) -> 625100 | F14: =MAX(DatiRipuliti!F1202:F1301) -> 3384454 | G14: =MAX(DatiRipuliti!G1202:G1301) -> 337700 | H14: =MAX(DatiRipuliti!H1202:H1301) -> 4211662 | I14: =MAX(DatiRipuliti!I1202:I1301) -> 106400 | ... K14: =MAX(DatiRipuliti!K1202:K1301) -> 102400
A15: 700 | B15: =MAX(DatiRipuliti!B1302:B1401) -> 244650 | C15: =MAX(DatiRipuliti!C1302:C1401) -> 2369900 | D15: =MAX(DatiRipuliti!D1302:D1401) -> 131557 | E15: =MAX(DatiRipuliti!E1302:E1401) -> 705800 | F15: =MAX(DatiRipuliti!F1302:F1401) -> 3959457 | G15: =MAX(DatiRipuliti!G1302:G1401) -> 352300 | H15: =MAX(DatiRipuliti!H1302:H1401) -> 4928632 | I15: =MAX(DatiRipuliti!I1302:I1401) -> 119000 | ... K15: =MAX(DatiRipuliti!K1302:K1401) -> 150900
A16: 750 | B16: =MAX(DatiRipuliti!B1402:B1501) -> 280875 | C16: =MAX(DatiRipuliti!C1402:C1501) -> 2770700 | D16: =MAX(DatiRipuliti!D1402:D1501) -> 149803 | E16: =MAX(DatiRipuliti!E1402:E1501) -> 788700 | F16: =MAX(DatiRipuliti!F1402:F1501) -> 4582833 | G16: =MAX(DatiRipuliti!G1402:G1501) -> 414800 | H16: =MAX(DatiRipuliti!H1402:H1501) -> 5714166 | I16: =MAX(DatiRipuliti!I1402:I1501) -> 129300 | ... K16: =MAX(DatiRipuliti!K1402:K1501) -> 154700
A17: 800 | B17: =MAX(DatiRipuliti!B1502:B1601) -> 319600 | C17: =MAX(DatiRipuliti!C1502:C1601) -> 3034800 | D17: =MAX(DatiRipuliti!D1502:D1601) -> 168546 | E17: =MAX(DatiRipuliti!E1502:E1601) -> 732700 | F17: =MAX(DatiRipuliti!F1502:F1601) -> 5255341 | G17: =MAX(DatiRipuliti!G1502:G1601) -> 1582400 | H17: =MAX(DatiRipuliti!H1502:H1601) -> 6552435 | I17: =MAX(DatiRipuliti!I1502:I1601) -> 133100 | ... K17: =MAX(DatiRipuliti!K1502:K1601) -> 159300
A18: 850 | B18: =MAX(DatiRipuliti!B1602:B1701) -> 360825 | C18: =MAX(DatiRipuliti!C1602:C1701) -> 3792100 | D18: =MAX(DatiRipuliti!D1602:D1701) -> 188371 | E18: =MAX(DatiRipuliti!E1602:E1701) -> 1148600 | F18: =MAX(DatiRipuliti!F1602:F1701) -> 5976689 | G18: =MAX(DatiRipuliti!G1602:G1701) -> 835300 | H18: =MAX(DatiRipuliti!H1602:H1701) -> 7458544 | I18: =MAX(DatiRipuliti!I1602:I1701) -> 151800 | ... K18: =MAX(DatiRipuliti!K1602:K1701) -> 163800
A19: 900 | B19: =MAX(DatiRipuliti!B1702:B1801) -> 404550 | C19: =MAX(DatiRipuliti!C1702:C1801) -> 3966700 | D19: =MAX(DatiRipuliti!D1702:D1801) -> 211797 | E19: =MAX(DatiRipuliti!E1702:E1801) -> 1075100 | F19: =MAX(DatiRipuliti!F1702:F1801) -> 6747479 | G19: =MAX(DatiRipuliti!G1702:G1801) -> 520500 | H19: =MAX(DatiRipuliti!H1702:H1801) -> 8422494 | I19: =MAX(DatiRipuliti!I1702:I1801) -> 176400 | ... K19: =MAX(DatiRipuliti!K1702:K1801) -> 198000
A20: 950 | B20: =MAX(DatiRipuliti!B1802:B1901) -> 450775 | C20: =MAX(DatiRipuliti!C1802:C1901) -> 4313700 | D20: =MAX(DatiRipuliti!D1802:D1901) -> 239952 | E20: =MAX(DatiRipuliti!E1802:E1901) -> 1070900 | F20: =MAX(DatiRipuliti!F1802:F1901) -> 7568190 | G20: =MAX(DatiRipuliti!G1802:G1901) -> 470600 | H20: =MAX(DatiRipuliti!H1802:H1901) -> 9445917 | I20: =MAX(DatiRipuliti!I1802:I1901) -> 207900 | ... K20: =MAX(DatiRipuliti!K1802:K1901) -> 186400
A21: 1000 | B21: =MAX(DatiRipuliti!B1902:B2001) -> 499500 | C21: =MAX(DatiRipuliti!C1902:C2001) -> 4970100 | D21: =MAX(DatiRipuliti!D1902:D2001) -> 265896 | E21: =MAX(DatiRipuliti!E1902:E2001) -> 1181600 | F21: =MAX(DatiRipuliti!F1902:F2001) -> 8438867 | G21: =MAX(DatiRipuliti!G1902:G2001) -> 612100 | H21: =MAX(DatiRipuliti!H1902:H2001) -> 10556080 | I21: =MAX(DatiRipuliti!I1902:I2001) -> 203800 | ... K21: =MAX(DatiRipuliti!K1902:K2001) -> 208800
A22: 1050 | B22: =MAX(DatiRipuliti!B2002:B2101) -> 550725 | C22: =MAX(DatiRipuliti!C2002:C2101) -> 5542600 | D22: =MAX(DatiRipuliti!D2002:D2101) -> 287656 | E22: =MAX(DatiRipuliti!E2002:E2101) -> 1330800 | F22: =MAX(DatiRipuliti!F2002:F2101) -> 9360643 | G22: =MAX(DatiRipuliti!G2002:G2101) -> 822400 | H22: =MAX(DatiRipuliti!H2002:H2101) -> 11726264 | I22: =MAX(DatiRipuliti!I2002:I2101) -> 691300 | ... K22: =MAX(DatiRipuliti!K2002:K2101) -> 203900
A23: 1100 | B23: =MAX(DatiRipuliti!B2102:B2201) -> 604450 | C23: =MAX(DatiRipuliti!C2102:C2201) -> 6130900 | D23: =MAX(DatiRipuliti!D2102:D2201) -> 319722 | E23: =MAX(DatiRipuliti!E2102:E2201) -> 2312800 | F23: =MAX(DatiRipuliti!F2102:F2201) -> 10334641 | G23: =MAX(DatiRipuliti!G2102:G2201) -> 611000 | H23: =MAX(DatiRipuliti!H2102:H2201) -> 12950743 | I23: =MAX(DatiRipuliti!I2102:I2201) -> 231000 | ... K23: =MAX(DatiRipuliti!K2102:K2201) -> 258000
A24: 1150 | B24: =MAX(DatiRipuliti!B2202:B2301) -> 660675 | C24: =MAX(DatiRipuliti!C2202:C2301) -> 6897400 | D24: =MAX(DatiRipuliti!D2202:D2301) -> 353638 | E24: =MAX(DatiRipuliti!E2202:E2301) -> 2006300 | F24: =MAX(DatiRipuliti!F2202:F2301) -> 11360344 | G24: =MAX(DatiRipuliti!G2202:G2301) -> 674300 | H24: =MAX(DatiRipuliti!H2202:H2301) -> 14232452 | I24: =MAX(DatiRipuliti!I2202:I2301) -> 235900 | ... K24: =MAX(DatiRipuliti!K2202:K2301) -> 224800
A25: 1200 | B25: =MAX(DatiRipuliti!B2302:B2401) -> 719400 | C25: =MAX(DatiRipuliti!C2302:C2401) -> 7330600 | D25: =MAX(DatiRipuliti!D2302:D2401) -> 379285 | E25: =MAX(DatiRipuliti!E2302:E2401) -> 1913800 | F25: =MAX(DatiRipuliti!F2302:F2401) -> 12438960 | G25: =MAX(DatiRipuliti!G2302:G2401) -> 730300 | H25: =MAX(DatiRipuliti!H2302:H2401) -> 15601505 | I25: =MAX(DatiRipuliti!I2302:I2401) -> 232200 | ... K25: =MAX(DatiRipuliti!K2302:K2401) -> 281600
A26: 1250 | B26: =MAX(DatiRipuliti!B2402:B2501) -> 780625 | C26: =MAX(DatiRipuliti!C2402:C2501) -> 7939100 | D26: =MAX(DatiRipuliti!D2402:D2501) -> 411658 | E26: =MAX(DatiRipuliti!E2402:E2501) -> 2291300 | F26: =MAX(DatiRipuliti!F2402:F2501) -> 13569480 | G26: =MAX(DatiRipuliti!G2402:G2501) -> 2094700 | H26: =MAX(DatiRipuliti!H2402:H2501) -> 17046747 | I26: =MAX(DatiRipuliti!I2402:I2501) -> 240700 | ... K26: =MAX(DatiRipuliti!K2402:K2501) -> 262300
A27: 1300 | B27: =MAX(DatiRipuliti!B2502:B2601) -> 844350 | C27: =MAX(DatiRipuliti!C2502:C2601) -> 8620200 | D27: =MAX(DatiRipuliti!D2502:D2601) -> 440258 | E27: =MAX(DatiRipuliti!E2502:E2601) -> 1956800 | F27: =MAX(DatiRipuliti!F2502:F2601) -> 14752673 | G27: =MAX(DatiRipuliti!G2502:G2601) -> 1609100 | H27: =MAX(DatiRipuliti!H2502:H2601) -> 18555424 | I27: =MAX(DatiRipuliti!I2502:I2601) -> 347600 | ... K27: =MAX(DatiRipuliti!K2502:K2601) -> 408300
A28: 1350 | B28: =MAX(DatiRipuliti!B2602:B2701) -> 910575 | C28: =MAX(DatiRipuliti!C2602:C2701) -> 9160100 | D28: =MAX(DatiRipuliti!D2602:D2701) -> 476931 | E28: =MAX(DatiRipuliti!E2602:E2701) -> 2216000 | F28: =MAX(DatiRipuliti!F2602:F2701) -> 15989189 | G28: =MAX(DatiRipuliti!G2602:G2701) -> 1711600 | H28: =MAX(DatiRipuliti!H2602:H2701) -> 20117060 | I28: =MAX(DatiRipuliti!I2602:I2701) -> 228100 | ... K28: =MAX(DatiRipuliti!K2602:K2701) -> 297100
A29: 1400 | B29: =MAX(DatiRipuliti!B2702:B2801) -> 979300 | C29: =MAX(DatiRipuliti!C2702:C2801) -> 10059500 | D29: =MAX(DatiRipuliti!D2702:D2801) -> 513802 | E29: =MAX(DatiRipuliti!E2702:E2801) -> 3864200 | F29: =MAX(DatiRipuliti!F2702:F2801) -> 17278977 | G29: =MAX(DatiRipuliti!G2702:G2801) -> 2656600 | H29: =MAX(DatiRipuliti!H2702:H2801) -> 21743122 | I29: =MAX(DatiRipuliti!I2702:I2801) -> 404600 | ... K29: =MAX(DatiRipuliti!K2702:K2801) -> 281200
A30: 1450 | B30: =MAX(DatiRipuliti!B2802:B2901) -> 1050525 | C30: =MAX(DatiRipuliti!C2802:C2901) -> 10804000 | D30: =MAX(DatiRipuliti!D2802:D2901) -> 548653 | E30: =MAX(DatiRipuliti!E2802:E2901) -> 2445100 | F30: =MAX(DatiRipuliti!F2802:F2901) -> 18622140 | G30: =MAX(DatiRipuliti!G2802:G2901) -> 730900 | H30: =MAX(DatiRipuliti!H2802:H2901) -> 23468891 | I30: =MAX(DatiRipuliti!I2802:I2901) -> 272400 | ... K30: =MAX(DatiRipuliti!K2802:K2901) -> 286200
A31: 1500 | B31: =MAX(DatiRipuliti!B2902:B3001) -> 1124250 | C31: =MAX(DatiRipuliti!C2902:C3001) -> 11588300 | D31: =MAX(DatiRipuliti!D2902:D3001) -> 596481 | E31: =MAX(DatiRipuliti!E2902:E3001) -> 2863300 | F31: =MAX(DatiRipuliti!F2902:F3001) -> 20017984 | G31: =MAX(DatiRipuliti!G2902:G3001) -> 1773300 | H31: =MAX(DatiRipuliti!H2902:H3001) -> 25242795 | I31: =MAX(DatiRipuliti!I2902:I3001) -> 359800 | ... K31: =MAX(DatiRipuliti!K2902:K3001) -> 340900
A1048576: =SUM(A2:A1048575) -> 23250

Sheet Media
A1: n | B1: ConfrontiMedioBS | C1: TnsMedioBS | D1: ConfrontiMedioIS | E1: TnsMedioIS | F1: ConfrontiMedioMS | G1: TnsMedioMS | H1: ConfrontiMedioQS | I1: TnsMedioQS | J1: ConfrontiMedioQSR | K1: TnsMedioQSR
A2: 50 | B2: =AVERAGE(DatiRipuliti!B2:B101) -> 1225 | C2: =AVERAGE(DatiRipuliti!C2:C101) -> 211879.8 | D2: =AVERAGE(DatiRipuliti!D2:D101) -> 659.92 | E2: =AVERAGE(DatiRipuliti!E2:E101) -> 147266 | F2: =AVERAGE(DatiRipuliti!F2:F101) -> 11206.87 | G2: =AVERAGE(DatiRipuliti!G2:G101) -> 88194.898 | H2: =AVERAGE(DatiRipuliti!H2:H101) -> 13135.11 | I2: =AVERAGE(DatiRipuliti!I2:I101) -> 43264.646 | ... K2: =AVERAGE(DatiRipuliti!K2:K101) -> 40119.192
A3: 100 | B3: =AVERAGE(DatiRipuliti!B102:B201) -> 4950 | C3: =AVERAGE(DatiRipuliti!C102:C201) -> 43873.077 | D3: =AVERAGE(DatiRipuliti!D102:D201) -> 2568.64 | E3: =AVERAGE(DatiRipuliti!E102:E201) -> 24691.525 | F3: =AVERAGE(DatiRipuliti!F102:F201) -> 49516.27 | G3: =AVERAGE(DatiRipuliti!G102:G201) -> 50101.124 | H3: =AVERAGE(DatiRipuliti!H102:H201) -> 59101.6 | I3: =AVERAGE(DatiRipuliti!I102:I201) -> 14030.928 | ... K3: =AVERAGE(DatiRipuliti!K102:K201) -> 16797.802
A4: 150 | B4: =AVERAGE(DatiRipuliti!B202:B301) -> 11175 | C4: =AVERAGE(DatiRipuliti!C202:C301) -> 84124.242 | D4: =AVERAGE(DatiRipuliti!D202:D301) -> 5665.26 | E4: =AVERAGE(DatiRipuliti!E202:E301) -> 27757 | F4: =AVERAGE(DatiRipuliti!F202:F301) -> 121662.38 | G4: =AVERAGE(DatiRipuliti!G202:G301) -> 65543.434 | H4: =AVERAGE(DatiRipuliti!H202:H301) -> 146018.41 | I4: =AVERAGE(DatiRipuliti!I202:I301) -> 17897 | ... K4: =AVERAGE(DatiRipuliti!K202:K301) -> 21233
A5: 200 | B5: =AVERAGE(DatiRipuliti!B302:B401) -> 19900 | C5: =AVERAGE(DatiRipuliti!C302:C401) -> 149193.94 | D5: =AVERAGE(DatiRipuliti!D302:D401) -> 10172.13 | E5: =AVERAGE(DatiRipuliti!E302:E401) -> 48183 | F5: =AVERAGE(DatiRipuliti!F302:F401) -> 230873.03 | G5: =AVERAGE(DatiRipuliti!G302:G401) -> 83616 | H5: =AVERAGE(DatiRipuliti!H302:H401) -> 278592.7 | I5: =AVERAGE(DatiRipuliti!I302:I401) -> 23260 | ... K5: =AVERAGE(DatiRipuliti!K302:K401) -> 29862
A6: 250 | B6: =AVERAGE(DatiRipuliti!B402:B501) -> 31125 | C6: =AVERAGE(DatiRipuliti!C402:C501) -> 243484 | D6: =AVERAGE(DatiRipuliti!D402:D501) -> 15841.53 | E6: =AVERAGE(DatiRipuliti!E402:E501) -> 73569 | F6: =AVERAGE(DatiRipuliti!F402:F501) -> 378986.08 | G6: =AVERAGE(DatiRipuliti!G402:G501) -> 108513 | H6: =AVERAGE(DatiRipuliti!H402:H501) -> 461698.29 | I6: =AVERAGE(DatiRipuliti!I402:I501) -> 30478 | ... K6: =AVERAGE(DatiRipuliti!K402:K501) -> 34475
A7: 300 | B7: =AVERAGE(DatiRipuliti!B502:B601) -> 44850 | C7: =AVERAGE(DatiRipuliti!C502:C601) -> 312043.88 | D7: =AVERAGE(DatiRipuliti!D502:D601) -> 22716.98 | E7: =AVERAGE(DatiRipuliti!E502:E601) -> 91962 | F7: =AVERAGE(DatiRipuliti!F502:F601) -> 567982.92 | G7: =AVERAGE(DatiRipuliti!G502:G601) -> 119244 | H7: =AVERAGE(DatiRipuliti!H502:H601) -> 695123.35 | I7: =AVERAGE(DatiRipuliti!I502:I601) -> 34011 | ... K7: =AVERAGE(DatiRipuliti!K502:K601) -> 39301
A8: 350 | B8: =AVERAGE(DatiRipuliti!B602:B701) -> 61075 | C8: =AVERAGE(DatiRipuliti!C602:C701) -> 433754 | D8: =AVERAGE(DatiRipuliti!D602:D701) -> 30953.58 | E8: =AVERAGE(DatiRipuliti!E602:E701) -> 124207 | F8: =AVERAGE(DatiRipuliti!F602:F701) -> 799354.16 | G8: =AVERAGE(DatiRipuliti!G602:G701) -> 140256 | H8: =AVERAGE(DatiRipuliti!H602:H701) -> 980861.77 | I8: =AVERAGE(DatiRipuliti!I602:I701) -> 40453 | ... K8: =AVERAGE(DatiRipuliti!K602:K701) -> 46944
A9: 400 | B9: =AVERAGE(DatiRipuliti!B702:B801) -> 79800 | C9: =AVERAGE(DatiRipuliti!C702:C801) -> 572483 | D9: =AVERAGE(DatiRipuliti!D702:D801) -> 40189.27 | E9: =AVERAGE(DatiRipuliti!E702:E801) -> 153363 | F9: =AVERAGE(DatiRipuliti!F702:F801) -> 1073922.3 | G9: =AVERAGE(DatiRipuliti!G702:G801) -> 155261 | H9: =AVERAGE(DatiRipuliti!H702:H801) -> 1323109.5 | I9: =AVERAGE(DatiRipuliti!I702:I801) -> 48893 | ... K9: =AVERAGE(DatiRipuliti!K702:K801) -> 54477
A10: 450 | B10: =AVERAGE(DatiRipuliti!B802:B901) -> 101025 | C10: =AVERAGE(DatiRipuliti!C802:C901) -> 729812 | D10: =AVERAGE(DatiRipuliti!D802:D901) -> 51095.58 | E10: =AVERAGE(DatiRipuliti!E802:E901) -> 202694 | F10: =AVERAGE(DatiRipuliti!F802:F901) -> 1392501.2 | G10: =AVERAGE(DatiRipuliti!G802:G901) -> 169668 | H10: =AVERAGE(DatiRipuliti!H802:H901) -> 1722925.4 | I10: =AVERAGE(DatiRipuliti!I802:I901) -> 53454 | ... K10: =AVERAGE(DatiRipuliti!K802:K901) -> 60089
A11: 500 | B11: =AVERAGE(DatiRipuliti!B902:B1001) -> 124750 | C11: =AVERAGE(DatiRipuliti!C902:C1001) -> 945032 | D11: =AVERAGE(DatiRipuliti!D902:D1001) -> 62922.73 | E11: =AVERAGE(DatiRipuliti!E902:E1001) -> 253716 | F11: =AVERAGE(DatiRipuliti!F902:F1001) -> 1755656.9 | G11: =AVERAGE(DatiRipuliti!G902:G1001) -> 187120 | H11: =AVERAGE(DatiRipuliti!H902:H1001) -> 2172092.9 | I11: =AVERAGE(DatiRipuliti!I902:I1001) -> 61132 | ... K11: =AVERAGE(DatiRipuliti!K902:K1001) -> 69183
A12: 550 | B12: =AVERAGE(DatiRipuliti!B1002:B1101) -> 150975 | C12: =AVERAGE(DatiRipuliti!C1002:C1101) -> 1151677 | D12: =AVERAGE(DatiRipuliti!D1002:D1101) -> 75598.2 | E12: =AVERAGE(DatiRipuliti!E1002:E1101) -> 291778 | F12: =AVERAGE(DatiRipuliti!F1002:F1101) -> 2164436.1 | G12: =AVERAGE(DatiRipuliti!G1002:G1101) -> 220339 | H12: =AVERAGE(DatiRipuliti!H1002:H1101) -> 2681796.6 | I12: =AVERAGE(DatiRipuliti!I1002:I1101) -> 67322 | ... K12: =AVERAGE(DatiRipuliti!K1002:K1101) -> 74594
A13: 600 | B13: =AVERAGE(DatiRipuliti!B1102:B1201) -> 179700 | C13: =AVERAGE(DatiRipuliti!C1102:C1201) -> 1404312 | D13: =AVERAGE(DatiRipuliti!D1102:D1201) -> 90169.67 | E13: =AVERAGE(DatiRipuliti!E1102:E1201) -> 343394 | F13: =AVERAGE(DatiRipuliti!F1102:F1201) -> 2620313.7 | G13: =AVERAGE(DatiRipuliti!G1102:G1201) -> 223402 | H13: =AVERAGE(DatiRipuliti!H1102:H1201) -> 3251542.9 | I13: =AVERAGE(DatiRipuliti!I1102:I1201) -> 72378 | ... K13: =AVERAGE(DatiRipuliti!K1102:K1201) -> 80775
A14: 650 | B14: =AVERAGE(DatiRipuliti!B1202:B1301) -> 210925 | C14: =AVERAGE(DatiRipuliti!C1202:C1301) -> 1672217 | D14: =AVERAGE(DatiRipuliti!D1202:D1301) -> 106494.31 | E14: =AVERAGE(DatiRipuliti!E1202:E1301) -> 395248 | F14: =AVERAGE(DatiRipuliti!F1202:F1301) -> 3123649.2 | G14: =AVERAGE(DatiRipuliti!G1202:G1301) -> 235160 | H14: =AVERAGE(DatiRipuliti!H1202:H1301) -> 3885015.2 | I14: =AVERAGE(DatiRipuliti!I1202:I1301) -> 78740 | ... K14: =AVERAGE(DatiRipuliti!K1202:K1301) -> 87170
A15: 700 | B15: =AVERAGE(DatiRipuliti!B1302:B1401) -> 244650 | C15: =AVERAGE(DatiRipuliti!C1302:C1401) -> 1950794 | D15: =AVERAGE(DatiRipuliti!D1302:D1401) -> 122642.32 | E15: =AVERAGE(DatiRipuliti!E1302:E1401) -> 454308 | F15: =AVERAGE(DatiRipuliti!F1302:F1401) -> 3674861.2 | G15: =AVERAGE(DatiRipuliti!G1302:G1401) -> 256620 | H15: =AVERAGE(DatiRipuliti!H1302:H1401) -> 4573796.8 | I15: =AVERAGE(DatiRipuliti!I1302:I1401) -> 85323 | ... K15: =AVERAGE(DatiRipuliti!K1302:K1401) -> 96433
A16: 750 | B16: =AVERAGE(DatiRipuliti!B1402:B1501) -> 280875 | C16: =AVERAGE(DatiRipuliti!C1402:C1501) -> 2296931 | D16: =AVERAGE(DatiRipuliti!D1402:D1501) -> 140637.55 | E16: =AVERAGE(DatiRipuliti!E1402:E1501) -> 505188 | F16: =AVERAGE(DatiRipuliti!F1402:F1501) -> 4274339.1 | G16: =AVERAGE(DatiRipuliti!G1402:G1501) -> 276260 | H16: =AVERAGE(DatiRipuliti!H1402:H1501) -> 5321200.3 | I16: =AVERAGE(DatiRipuliti!I1402:I1501) -> 93654 | ... K16: =AVERAGE(DatiRipuliti!K1402:K1501) -> 104792
A17: 800 | B17: =AVERAGE(DatiRipuliti!B1502:B1601) -> 319600 | C17: =AVERAGE(DatiRipuliti!C1502:C1601) -> 2593226.5 | D17: =AVERAGE(DatiRipuliti!D1502:D1601) -> 159958.14 | E17: =AVERAGE(DatiRipuliti!E1502:E1601) -> 574585 | F17: =AVERAGE(DatiRipuliti!F1502:F1601) -> 4922525.4 | G17: =AVERAGE(DatiRipuliti!G1502:G1601) -> 311422 | H17: =AVERAGE(DatiRipuliti!H1502:H1601) -> 6138059 | I17: =AVERAGE(DatiRipuliti!I1502:I1601) -> 100486 | ... K17: =AVERAGE(DatiRipuliti!K1502:K1601) -> 111928
A18: 850 | B18: =AVERAGE(DatiRipuliti!B1602:B1701) -> 360825 | C18: =AVERAGE(DatiRipuliti!C1602:C1701) -> 2997264 | D18: =AVERAGE(DatiRipuliti!D1602:D1701) -> 180729.91 | E18: =AVERAGE(DatiRipuliti!E1602:E1701) -> 660950 | F18: =AVERAGE(DatiRipuliti!F1602:F1701) -> 5619629.3 | G18: =AVERAGE(DatiRipuliti!G1602:G1701) -> 321508 | H18: =AVERAGE(DatiRipuliti!H1602:H1701) -> 7009252.4 | I18: =AVERAGE(DatiRipuliti!I1602:I1701) -> 107114 | ... K18: =AVERAGE(DatiRipuliti!K1602:K1701) -> 119764
A19: 900 | B19: =AVERAGE(DatiRipuliti!B1702:B1801) -> 404550 | C19: =AVERAGE(DatiRipuliti!C1702:C1801) -> 3372372.7 | D19: =AVERAGE(DatiRipuliti!D1702:D1801) -> 202761.58 | E19: =AVERAGE(DatiRipuliti!E1702:E1801) -> 725875 | F19: =AVERAGE(DatiRipuliti!F1702:F1801) -> 6365981.7 | G19: =AVERAGE(DatiRipuliti!G1702:G1801) -> 337536 | H19: =AVERAGE(DatiRipuliti!H1702:H1801) -> 7946618.3 | I19: =AVERAGE(DatiRipuliti!I1702:I1801) -> 115183 | ... K19: =AVERAGE(DatiRipuliti!K1702:K1801) -> 128130
A20: 950 | B20: =AVERAGE(DatiRipuliti!B1802:B1901) -> 450775 | C20: =AVERAGE(DatiRipuliti!C1802:C1901) -> 3820549 | D20: =AVERAGE(DatiRipuliti!D1802:D1901) -> 226795.1 | E20: =AVERAGE(DatiRipuliti!E1802:E1901) -> 805692 | F20: =AVERAGE(DatiRipuliti!F1802:F1901) -> 7161911.5 | G20: =AVERAGE(DatiRipuliti!G1802:G1901) -> 357146 | H20: =AVERAGE(DatiRipuliti!H1802:H1901) -> 8940805.2 | I20: =AVERAGE(DatiRipuliti!I1802:I1901) -> 122667 | ... K20: =AVERAGE(DatiRipuliti!K1802:K1901) -> 135441
A21: 1000 | B21: =AVERAGE(DatiRipuliti!B1902:B2001) -> 499500 | C21: =AVERAGE(DatiRipuliti!C1902:C2001) -> 4247274.7 | D21: =AVERAGE(DatiRipuliti!D1902:D2001) -> 250426.33 | E21: =AVERAGE(DatiRipuliti!E1902:E2001) -> 907777 | F21: =AVERAGE(DatiRipuliti!F1902:F2001) -> 8007900.3 | G21: =AVERAGE(DatiRipuliti!G1902:G2001) -> 385280 | H21: =AVERAGE(DatiRipuliti!H1902:H2001) -> 10008176 | I21: =AVERAGE(DatiRipuliti!I1902:I2001) -> 132290 | ... K21: =AVERAGE(DatiRipuliti!K1902:K2001) -> 145354
A22: 1050 | B22: =AVERAGE(DatiRipuliti!B2002:B2101) -> 550725 | C22: =AVERAGE(DatiRipuliti!C2002:C2101) -> 4788101 | D22: =AVERAGE(DatiRipuliti!D2002:D2101) -> 276162.5 | E22: =AVERAGE(DatiRipuliti!E2002:E2101) -> 1007971 | F22: =AVERAGE(DatiRipuliti!F2002:F2101) -> 8904448.7 | G22: =AVERAGE(DatiRipuliti!G2002:G2101) -> 408288 | H22: =AVERAGE(DatiRipuliti!H2002:H2101) -> 11148629 | I22: =AVERAGE(DatiRipuliti!I2002:I2101) -> 143326 | ... K22: =AVERAGE(DatiRipuliti!K2002:K2101) -> 151992
A23: 1100 | B23: =AVERAGE(DatiRipuliti!B2102:B2201) -> 604450 | C23: =AVERAGE(DatiRipuliti!C2102:C2201) -> 5313613 | D23: =AVERAGE(DatiRipuliti!D2102:D2201) -> 301902.85 | E23: =AVERAGE(DatiRipuliti!E2102:E2201) -> 1099647 | F23: =AVERAGE(DatiRipuliti!F2102:F2201) -> 9852530.7 | G23: =AVERAGE(DatiRipuliti!G2102:G2201) -> 430790 | H23: =AVERAGE(DatiRipuliti!H2102:H2201) -> 12346527 | I23: =AVERAGE(DatiRipuliti!I2102:I2201) -> 146161 | ... K23: =AVERAGE(DatiRipuliti!K2102:K2201) -> 162047
A24: 1150 | B24: =AVERAGE(DatiRipuliti!B2202:B2301) -> 660675 | C24: =AVERAGE(DatiRipuliti!C2202:C2301) -> 5862552 | D24: =AVERAGE(DatiRipuliti!D2202:D2301) -> 331812.3 | E24: =AVERAGE(DatiRipuliti!E2202:E2301) -> 1204537 | F24: =AVERAGE(DatiRipuliti!F2202:F2301) -> 10852718 | G24: =AVERAGE(DatiRipuliti!G2202:G2301) -> 444997 | H24: =AVERAGE(DatiRipuliti!H2202:H2301) -> 13597024 | I24: =AVERAGE(DatiRipuliti!I2202:I2301) -> 153975 | ... K24: =AVERAGE(DatiRipuliti!K2202:K2301) -> 168810
A25: 1200 | B25: =AVERAGE(DatiRipuliti!B2302:B2401) -> 719400 | C25: =AVERAGE(DatiRipuliti!C2302:C2401) -> 6388845 | D25: =AVERAGE(DatiRipuliti!D2302:D2401) -> 360423.51 | E25: =AVERAGE(DatiRipuliti!E2302:E2401) -> 1296986 | F25: =AVERAGE(DatiRipuliti!F2302:F2401) -> 11905138 | G25: =AVERAGE(DatiRipuliti!G2302:G2401) -> 469499 | H25: =AVERAGE(DatiRipuliti!H2302:H2401) -> 14926542 | I25: =AVERAGE(DatiRipuliti!I2302:I2401) -> 161754 | ... K25: =AVERAGE(DatiRipuliti!K2302:K2401) -> 178022
A26: 1250 | B26: =AVERAGE(DatiRipuliti!B2402:B2501) -> 780625 | C26: =AVERAGE(DatiRipuliti!C2402:C2501) -> 7028060 | D26: =AVERAGE(DatiRipuliti!D2402:D2501) -> 390971.31 | E26: =AVERAGE(DatiRipuliti!E2402:E2501) -> 1420444 | F26: =AVERAGE(DatiRipuliti!F2402:F2501) -> 13009915 | G26: =AVERAGE(DatiRipuliti!G2402:G2501) -> 506950 | H26: =AVERAGE(DatiRipuliti!H2402:H2501) -> 16331565 | I26: =AVERAGE(DatiRipuliti!I2402:I2501) -> 170590 | ... K26: =AVERAGE(DatiRipuliti!K2402:K2501) -> 187716
A27: 1300 | B27: =AVERAGE(DatiRipuliti!B2502:B2601) -> 844350 | C27: =AVERAGE(DatiRipuliti!C2502:C2601) -> 7699497 | D27: =AVERAGE(DatiRipuliti!D2502:D2601) -> 422841.37 | E27: =AVERAGE(DatiRipuliti!E2502:E2601) -> 1529565 | F27: =AVERAGE(DatiRipuliti!F2502:F2601) -> 14167065 | G27: =AVERAGE(DatiRipuliti!G2502:G2601) -> 525633 | H27: =AVERAGE(DatiRipuliti!H2502:H2601) -> 17807969 | I27: =AVERAGE(DatiRipuliti!I2502:I2601) -> 180633 | ... K27: =AVERAGE(DatiRipuliti!K2502:K2601) -> 195038
A28: 1350 | B28: =AVERAGE(DatiRipuliti!B2602:B2701) -> 910575 | C28: =AVERAGE(DatiRipuliti!C2602:C2701) -> 8342898 | D28: =AVERAGE(DatiRipuliti!D2602:D2701) -> 456524.34 | E28: =AVERAGE(DatiRipuliti!E2602:E2701) -> 1644411 | F28: =AVERAGE(DatiRipuliti!F2602:F2701) -> 15377089 | G28: =AVERAGE(DatiRipuliti!G2602:G2701) -> 546437 | H28: =AVERAGE(DatiRipuliti!H2602:H2701) -> 19342467 | I28: =AVERAGE(DatiRipuliti!I2602:I2701) -> 183289 | ... K28: =AVERAGE(DatiRipuliti!K2602:K2701) -> 202094
A29: 1400 | B29: =AVERAGE(DatiRipuliti!B2702:B2801) -> 979300 | C29: =AVERAGE(DatiRipuliti!C2702:C2801) -> 9026435.7 | D29: =AVERAGE(DatiRipuliti!D2702:D2801) -> 491516.14 | E29: =AVERAGE(DatiRipuliti!E2702:E2801) -> 1798037 | F29: =AVERAGE(DatiRipuliti!F2702:F2801) -> 16640603 | G29: =AVERAGE(DatiRipuliti!G2702:G2801) -> 598522 | H29: =AVERAGE(DatiRipuliti!H2702:H2801) -> 20937556 | I29: =AVERAGE(DatiRipuliti!I2702:I2801) -> 192565 | ... K29: =AVERAGE(DatiRipuliti!K2702:K2801) -> 210774
A30: 1450 | B30: =AVERAGE(DatiRipuliti!B2802:B2901) -> 1050525 | C30: =AVERAGE(DatiRipuliti!C2802:C2901) -> 9834323 | D30: =AVERAGE(DatiRipuliti!D2802:D2901) -> 524945.27 | E30: =AVERAGE(DatiRipuliti!E2802:E2901) -> 1875506 | F30: =AVERAGE(DatiRipuliti!F2802:F2901) -> 17957174 | G30: =AVERAGE(DatiRipuliti!G2802:G2901) -> 586686 | H30: =AVERAGE(DatiRipuliti!H2802:H2901) -> 22614938 | I30: =AVERAGE(DatiRipuliti!I2802:I2901) -> 203407 | ... K30: =AVERAGE(DatiRipuliti!K2802:K2901) -> 221905
A31: 1500 | B31: =AVERAGE(DatiRipuliti!B2902:B3001) -> 1124250 | C31: =AVERAGE(DatiRipuliti!C2902:C3001) -> 10567417 | D31: =AVERAGE(DatiRipuliti!D2902:D3001) -> 566039.32 | E31: =AVERAGE(DatiRipuliti!E2902:E3001) -> 2039986 | F31: =AVERAGE(DatiRipuliti!F2902:F3001) -> 19327114 | G31: =AVERAGE(DatiRipuliti!G2902:G3001) -> 609364 | H31: =AVERAGE(DatiRipuliti!H2902:H3001) -> 24365578 | I31: =AVERAGE(DatiRipuliti!I2902:I3001) -> 207847 | ... K31: =AVERAGE(DatiRipuliti!K2902:K3001) -> 229732
A1048576: =SUM(A2:A1048575) -> 23250

Sheet DevStd
A1: n | B1: BubbleSortNComp | C1: BubbleSortTns | D1: InsertionSortNComp | E1: InsertionSortTns | F1: MergeSortNComp | G1: MergeSortTns | H1: QuickSortNComp | I1: QuickSortTns | J1: QuickSortRandomNComp | K1: QuickSortRandomTns
A2: 50 | B2: =_xlfn.STDEV.S(DatiRipuliti!B2:B101) -> 0 | C2: =_xlfn.STDEV.S(DatiRipuliti!C2:C101) -> 170529.28 | D2: =_xlfn.STDEV.S(DatiRipuliti!D2:D101) -> 58.697251 | E2: =_xlfn.STDEV.S(DatiRipuliti!E2:E101) -> 46154.112 | F2: =_xlfn.STDEV.S(DatiRipuliti!F2:F101) -> 6440.1404 | G2: =_xlfn.STDEV.S(DatiRipuliti!G2:G101) -> 76537.821 | H2: =_xlfn.STDEV.S(DatiRipuliti!H2:H101) -> 7584.1271 | I2: =_xlfn.STDEV.S(DatiRipuliti!I2:I101) -> 41153.345 | ... K2: =_xlfn.STDEV.S(DatiRipuliti!K2:K101) -> 47416.659
A3: 100 | B3: =_xlfn.STDEV.S(DatiRipuliti!B102:B201) -> 0 | C3: =_xlfn.STDEV.S(DatiRipuliti!C102:C201) -> 3930.3241 | D3: =_xlfn.STDEV.S(DatiRipuliti!D102:D201) -> 188.2614 | E3: =_xlfn.STDEV.S(DatiRipuliti!E102:E201) -> 22358.191 | F3: =_xlfn.STDEV.S(DatiRipuliti!F102:F201) -> 15702.66 | G3: =_xlfn.STDEV.S(DatiRipuliti!G102:G201) -> 10347.436 | H3: =_xlfn.STDEV.S(DatiRipuliti!H102:H201) -> 18966.143 | I3: =_xlfn.STDEV.S(DatiRipuliti!I102:I201) -> 7103.9068 | ... K3: =_xlfn.STDEV.S(DatiRipuliti!K102:K201) -> 8395.7526
A4: 150 | B4: =_xlfn.STDEV.S(DatiRipuliti!B202:B301) -> 0 | C4: =_xlfn.STDEV.S(DatiRipuliti!C202:C301) -> 10377.065 | D4: =_xlfn.STDEV.S(DatiRipuliti!D202:D301) -> 277.12571 | E4: =_xlfn.STDEV.S(DatiRipuliti!E202:E301) -> 5776.6555 | F4: =_xlfn.STDEV.S(DatiRipuliti!F202:F301) -> 26066.117 | G4: =_xlfn.STDEV.S(DatiRipuliti!G202:G301) -> 14336.717 | H4: =_xlfn.STDEV.S(DatiRipuliti!H202:H301) -> 31180.695 | I4: =_xlfn.STDEV.S(DatiRipuliti!I202:I301) -> 4103.2743 | ... K4: =_xlfn.STDEV.S(DatiRipuliti!K202:K301) -> 3264.9363
A5: 200 | B5: =_xlfn.STDEV.S(DatiRipuliti!B302:B401) -> 0 | C5: =_xlfn.STDEV.S(DatiRipuliti!C302:C401) -> 21670.943 | D5: =_xlfn.STDEV.S(DatiRipuliti!D302:D401) -> 442.95164 | E5: =_xlfn.STDEV.S(DatiRipuliti!E302:E401) -> 11664.52 | F5: =_xlfn.STDEV.S(DatiRipuliti!F302:F401) -> 37164.492 | G5: =_xlfn.STDEV.S(DatiRipuliti!G302:G401) -> 17905.361 | H5: =_xlfn.STDEV.S(DatiRipuliti!H302:H401) -> 45151.95 | I5: =_xlfn.STDEV.S(DatiRipuliti!I302:I401) -> 3468.3271 | ... K5: =_xlfn.STDEV.S(DatiRipuliti!K302:K401) -> 7664.081
A6: 250 | B6: =_xlfn.STDEV.S(DatiRipuliti!B402:B501) -> 0 | C6: =_xlfn.STDEV.S(DatiRipuliti!C402:C501) -> 35730.514 | D6: =_xlfn.STDEV.S(DatiRipuliti!D402:D501) -> 628.89823 | E6: =_xlfn.STDEV.S(DatiRipuliti!E402:E501) -> 14684.856 | F6: =_xlfn.STDEV.S(DatiRipuliti!F402:F501) -> 48672.275 | G6: =_xlfn.STDEV.S(DatiRipuliti!G402:G501) -> 20146.417 | H6: =_xlfn.STDEV.S(DatiRipuliti!H402:H501) -> 60328.864 | I6: =_xlfn.STDEV.S(DatiRipuliti!I402:I501) -> 4871.4086 | ... K6: =_xlfn.STDEV.S(DatiRipuliti!K402:K501) -> 4561.5294
A7: 300 | B7: =_xlfn.STDEV.S(DatiRipuliti!B502:B601) -> 0 | C7: =_xlfn.STDEV.S(DatiRipuliti!C502:C601) -> 40155.605 | D7: =_xlfn.STDEV.S(DatiRipuliti!D502:D601) -> 899.57823 | E7: =_xlfn.STDEV.S(DatiRipuliti!E502:E601) -> 20928.029 | F7: =_xlfn.STDEV.S(DatiRipuliti!F502:F601) -> 60851.746 | G7: =_xlfn.STDEV.S(DatiRipuliti!G502:G601) -> 20640.875 | H7: =_xlfn.STDEV.S(DatiRipuliti!H502:H601) -> 74999.177 | I7: =_xlfn.STDEV.S(DatiRipuliti!I502:I601) -> 4029.0835 | ... K7: =_xlfn.STDEV.S(DatiRipuliti!K502:K601) -> 5206.5905
A8: 350 | B8: =_xlfn.STDEV.S(DatiRipuliti!B602:B701) -> 0 | C8: =_xlfn.STDEV.S(DatiRipuliti!C602:C701) -> 45464.801 | D8: =_xlfn.STDEV.S(DatiRipuliti!D602:D701) -> 1123.0665 | E8: =_xlfn.STDEV.S(DatiRipuliti!E602:E701) -> 23172.207 | F8: =_xlfn.STDEV.S(DatiRipuliti!F602:F701) -> 73282.365 | G8: =_xlfn.STDEV.S(DatiRipuliti!G602:G701) -> 30030.168 | H8: =_xlfn.STDEV.S(DatiRipuliti!H602:H701) -> 90543.51 | I8: =_xlfn.STDEV.S(DatiRipuliti!I602:I701) -> 5300.8186 | ... K8: =_xlfn.STDEV.S(DatiRipuliti!K602:K701) -> 6944.9541
A9: 400 | B9: =_xlfn.STDEV.S(DatiRipuliti!B702:B801) -> 0 | C9: =_xlfn.STDEV.S(DatiRipuliti!C702:C801) -> 60253.884 | D9: =_xlfn.STDEV.S(DatiRipuliti!D702:D801) -> 1153.5044 | E9: =_xlfn.STDEV.S(DatiRipuliti!E702:E801) -> 19866.401 | F9: =_xlfn.STDEV.S(DatiRipuliti!F702:F801) -> 85888.923 | G9: =_xlfn.STDEV.S(DatiRipuliti!G702:G801) -> 27406.933 | H9: =_xlfn.STDEV.S(DatiRipuliti!H702:H801) -> 107751.65 | I9: =_xlfn.STDEV.S(DatiRipuliti!I702:I801) -> 5686.4406 | ... K9: =_xlfn.STDEV.S(DatiRipuliti!K702:K801) -> 6308.8179
A10: 450 | B10: =_xlfn.STDEV.S(DatiRipuliti!B802:B901) -> 0 | C10: =_xlfn.STDEV.S(DatiRipuliti!C802:C901) -> 77273.448 | D10: =_xlfn.STDEV.S(DatiRipuliti!D802:D901) -> 1434.8764 | E10: =_xlfn.STDEV.S(DatiRipuliti!E802:E901) -> 36376.724 | F10: =_xlfn.STDEV.S(DatiRipuliti!F802:F901) -> 98823.843 | G10: =_xlfn.STDEV.S(DatiRipuliti!G802:G901) -> 21413.693 | H10: =_xlfn.STDEV.S(DatiRipuliti!H802:H901) -> 122781.69 | I10: =_xlfn.STDEV.S(DatiRipuliti!I802:I901) -> 5894.072 | ... K10: =_xlfn.STDEV.S(DatiRipuliti!K802:K901) -> 6568.8413
A11: 500 | B11: =_xlfn.STDEV.S(DatiRipuliti!B902:B1001) -> 0 | C11: =_xlfn.STDEV.S(DatiRipuliti!C902:C1001) -> 114815.23 | D11: =_xlfn.STDEV.S(DatiRipuliti!D902:D1001) -> 1822.7726 | E11: =_xlfn.STDEV.S(DatiRipuliti!E902:E1001) -> 40811.723 | F11: =_xlfn.STDEV.S(DatiRipuliti!F902:F1001) -> 111772.43 | G11: =_xlfn.STDEV.S(DatiRipuliti!G902:G1001) -> 27338.115 | H11: =_xlfn.STDEV.S(DatiRipuliti!H902:H1001) -> 137942.02 | I11: =_xlfn.STDEV.S(DatiRipuliti!I902:I1001) -> 7882.5069 | ... K11: =_xlfn.STDEV.S(DatiRipuliti!K902:K1001) -> 8199.6434
A12: 550 | B12: =_xlfn.STDEV.S(DatiRipuliti!B1002:B1101) -> 0 | C12: =_xlfn.STDEV.S(DatiRipuliti!C1002:C1101) -> 113562.74 | D12: =_xlfn.STDEV.S(DatiRipuliti!D1002:D1101) -> 2012.62 | E12: =_xlfn.STDEV.S(DatiRipuliti!E1002:E1101) -> 41145.899 | F12: =_xlfn.STDEV.S(DatiRipuliti!F1002:F1101) -> 125305.15 | G12: =_xlfn.STDEV.S(DatiRipuliti!G1002:G1101) -> 150454.48 | H12: =_xlfn.STDEV.S(DatiRipuliti!H1002:H1101) -> 157906.65 | I12: =_xlfn.STDEV.S(DatiRipuliti!I1002:I1101) -> 13022.611 | ... K12: =_xlfn.STDEV.S(DatiRipuliti!K1002:K1101) -> 6218.8345
A13: 600 | B13: =_xlfn.STDEV.S(DatiRipuliti!B1102:B1201) -> 0 | C13: =_xlfn.STDEV.S(DatiRipuliti!C1102:C1201) -> 142819.26 | D13: =_xlfn.STDEV.S(DatiRipuliti!D1102:D1201) -> 2434.0908 | E13: =_xlfn.STDEV.S(DatiRipuliti!E1102:E1201) -> 56145.73 | F13: =_xlfn.STDEV.S(DatiRipuliti!F1102:F1201) -> 139052.61 | G13: =_xlfn.STDEV.S(DatiRipuliti!G1102:G1201) -> 25079.172 | H13: =_xlfn.STDEV.S(DatiRipuliti!H1102:H1201) -> 174745.25 | I13: =_xlfn.STDEV.S(DatiRipuliti!I1102:I1201) -> 6559.4959 | ... K13: =_xlfn.STDEV.S(DatiRipuliti!K1102:K1201) -> 7029.4672
A14: 650 | B14: =_xlfn.STDEV.S(DatiRipuliti!B1202:B1301) -> 0 | C14: =_xlfn.STDEV.S(DatiRipuliti!C1202:C1301) -> 140203.82 | D14: =_xlfn.STDEV.S(DatiRipuliti!D1202:D1301) -> 2906.7319 | E14: =_xlfn.STDEV.S(DatiRipuliti!E1202:E1301) -> 53115.602 | F14: =_xlfn.STDEV.S(DatiRipuliti!F1202:F1301) -> 152845.52 | G14: =_xlfn.STDEV.S(DatiRipuliti!G1202:G1301) -> 19469.754 | H14: =_xlfn.STDEV.S(DatiRipuliti!H1202:H1301) -> 190582.71 | I14: =_xlfn.STDEV.S(DatiRipuliti!I1202:I1301) -> 4654.9854 | ... K14: =_xlfn.STDEV.S(DatiRipuliti!K1202:K1301) -> 2968.879
A15: 700 | B15: =_xlfn.STDEV.S(DatiRipuliti!B1302:B1401) -> 0 | C15: =_xlfn.STDEV.S(DatiRipuliti!C1302:C1401) -> 174023.33 | D15: =_xlfn.STDEV.S(DatiRipuliti!D1302:D1401) -> 3142.9394 | E15: =_xlfn.STDEV.S(DatiRipuliti!E1302:E1401) -> 59569.211 | F15: =_xlfn.STDEV.S(DatiRipuliti!F1302:F1401) -> 166813.02 | G15: =_xlfn.STDEV.S(DatiRipuliti!G1302:G1401) -> 20982.157 | H15: =_xlfn.STDEV.S(DatiRipuliti!H1302:H1401) -> 209115.65 | I15: =_xlfn.STDEV.S(DatiRipuliti!I1302:I1401) -> 4924.6003 | ... K15: =_xlfn.STDEV.S(DatiRipuliti!K1302:K1401) -> 8592.5626
A16: 750 | B16: =_xlfn.STDEV.S(DatiRipuliti!B1402:B1501) -> 0 | C16: =_xlfn.STDEV.S(DatiRipuliti!C1402:C1501) -> 184266.79 | D16: =_xlfn.STDEV.S(DatiRipuliti!D1402:D1501) -> 3877.6229 | E16: =_xlfn.STDEV.S(DatiRipuliti!E1402:E1501) -> 43609.086 | F16: =_xlfn.STDEV.S(DatiRipuliti!F1402:F1501) -> 180814.62 | G16: =_xlfn.STDEV.S(DatiRipuliti!G1402:G1501) -> 17597.773 | H16: =_xlfn.STDEV.S(DatiRipuliti!H1402:H1501) -> 229103.8 | I16: =_xlfn.STDEV.S(DatiRipuliti!I1402:I1501) -> 6369.0924 | ... K16: =_xlfn.STDEV.S(DatiRipuliti!K1402:K1501) -> 10058.884
A17: 800 | B17: =_xlfn.STDEV.S(DatiRipuliti!B1502:B1601) -> 0 | C17: =_xlfn.STDEV.S(DatiRipuliti!C1502:C1601) -> 172394.77 | D17: =_xlfn.STDEV.S(DatiRipuliti!D1502:D1601) -> 3936.1475 | E17: =_xlfn.STDEV.S(DatiRipuliti!E1502:E1601) -> 39711.582 | F17: =_xlfn.STDEV.S(DatiRipuliti!F1502:F1601) -> 195102.58 | G17: =_xlfn.STDEV.S(DatiRipuliti!G1502:G1601) -> 131570.59 | H17: =_xlfn.STDEV.S(DatiRipuliti!H1502:H1601) -> 244184.61 | I17: =_xlfn.STDEV.S(DatiRipuliti!I1502:I1601) -> 6672.5129 | ... K17: =_xlfn.STDEV.S(DatiRipuliti!K1502:K1601) -> 8980.0236
A18: 850 | B18: =_xlfn.STDEV.S(DatiRipuliti!B1602:B1701) -> 0 | C18: =_xlfn.STDEV.S(DatiRipuliti!C1602:C1701) -> 195252.15 | D18: =_xlfn.STDEV.S(DatiRipuliti!D1602:D1701) -> 3525.0028 | E18: =_xlfn.STDEV.S(DatiRipuliti!E1602:E1701) -> 88499.412 | F18: =_xlfn.STDEV.S(DatiRipuliti!F1602:F1701) -> 209314.76 | G18: =_xlfn.STDEV.S(DatiRipuliti!G1602:G1701) -> 53942.664 | H18: =_xlfn.STDEV.S(DatiRipuliti!H1602:H1701) -> 262590.38 | I18: =_xlfn.STDEV.S(DatiRipuliti!I1602:I1701) -> 7253.3659 | ... K18: =_xlfn.STDEV.S(DatiRipuliti!K1602:K1701) -> 9103.0189
A19: 900 | B19: =_xlfn.STDEV.S(DatiRipuliti!B1702:B1801) -> 0 | C19: =_xlfn.STDEV.S(DatiRipuliti!C1702:C1801) -> 182981.71 | D19: =_xlfn.STDEV.S(DatiRipuliti!D1702:D1801) -> 4190.1903 | E19: =_xlfn.STDEV.S(DatiRipuliti!E1702:E1801) -> 61325.425 | F19: =_xlfn.STDEV.S(DatiRipuliti!F1702:F1801) -> 223584.59 | G19: =_xlfn.STDEV.S(DatiRipuliti!G1702:G1801) -> 30217.115 | H19: =_xlfn.STDEV.S(DatiRipuliti!H1702:H1801) -> 279540.61 | I19: =_xlfn.STDEV.S(DatiRipuliti!I1702:I1801) -> 8735.6353 | ... K19: =_xlfn.STDEV.S(DatiRipuliti!K1702:K1801) -> 11181.745
A20: 950 | B20: =_xlfn.STDEV.S(DatiRipuliti!B1802:B1901) -> 0 | C20: =_xlfn.STDEV.S(DatiRipuliti!C1802:C1901) -> 206467.93 | D20: =_xlfn.STDEV.S(DatiRipuliti!D1802:D1901) -> 4858.9644 | E20: =_xlfn.STDEV.S(DatiRipuliti!E1802:E1901) -> 48776.962 | F20: =_xlfn.STDEV.S(DatiRipuliti!F1802:F1901) -> 238092.62 | G20: =_xlfn.STDEV.S(DatiRipuliti!G1802:G1901) -> 20222.277 | H20: =_xlfn.STDEV.S(DatiRipuliti!H1802:H1901) -> 297165.27 | I20: =_xlfn.STDEV.S(DatiRipuliti!I1802:I1901) -> 10867.364 | ... K20: =_xlfn.STDEV.S(DatiRipuliti!K1802:K1901) -> 9011.4304
A21: 1000 | B21: =_xlfn.STDEV.S(DatiRipuliti!B1902:B2001) -> 0 | C21: =_xlfn.STDEV.S(DatiRipuliti!C1902:C2001) -> 194839.69 | D21: =_xlfn.STDEV.S(DatiRipuliti!D1902:D2001) -> 5209.3424 | E21: =_xlfn.STDEV.S(DatiRipuliti!E1902:E2001) -> 75635.408 | F21: =_xlfn.STDEV.S(DatiRipuliti!F1902:F2001) -> 252611.76 | G21: =_xlfn.STDEV.S(DatiRipuliti!G1902:G2001) -> 36435.14 | H21: =_xlfn.STDEV.S(DatiRipuliti!H1902:H2001) -> 323190.02 | I21: =_xlfn.STDEV.S(DatiRipuliti!I1902:I2001) -> 12466.387 | ... K21: =_xlfn.STDEV.S(DatiRipuliti!K1902:K2001) -> 12753.478
A22: 1050 | B22: =_xlfn.STDEV.S(DatiRipuliti!B2002:B2101) -> 0 | C22: =_xlfn.STDEV.S(DatiRipuliti!C2002:C2101) -> 231663.09 | D22: =_xlfn.STDEV.S(DatiRipuliti!D2002:D2101) -> 5200.0208 | E22: =_xlfn.STDEV.S(DatiRipuliti!E2002:E2101) -> 90574.781 | F22: =_xlfn.STDEV.S(DatiRipuliti!F2002:F2101) -> 267423.67 | G22: =_xlfn.STDEV.S(DatiRipuliti!G2002:G2101) -> 49083.673 | H22: =_xlfn.STDEV.S(DatiRipuliti!H2002:H2101) -> 339551.07 | I22: =_xlfn.STDEV.S(DatiRipuliti!I2002:I2101) -> 56353.404 | ... K22: =_xlfn.STDEV.S(DatiRipuliti!K2002:K2101) -> 10617.707
A23: 1100 | B23: =_xlfn.STDEV.S(DatiRipuliti!B2102:B2201) -> 0 | C23: =_xlfn.STDEV.S(DatiRipuliti!C2102:C2201) -> 235723.54 | D23: =_xlfn.STDEV.S(DatiRipuliti!D2102:D2201) -> 6342.7164 | E23: =_xlfn.STDEV.S(DatiRipuliti!E2102:E2201) -> 146202.92 | F23: =_xlfn.STDEV.S(DatiRipuliti!F2102:F2201) -> 282609.69 | G23: =_xlfn.STDEV.S(DatiRipuliti!G2102:G2201) -> 38819.511 | H23: =_xlfn.STDEV.S(DatiRipuliti!H2102:H2201) -> 354581.64 | I23: =_xlfn.STDEV.S(DatiRipuliti!I2102:I2201) -> 14997.588 | ... K23: =_xlfn.STDEV.S(DatiRipuliti!K2102:K2201) -> 16762.925
A24: 1150 | B24: =_xlfn.STDEV.S(DatiRipuliti!B2202:B2301) -> 0 | C24: =_xlfn.STDEV.S(DatiRipuliti!C2202:C2301) -> 272165.84 | D24: =_xlfn.STDEV.S(DatiRipuliti!D2202:D2301) -> 7338.4807 | E24: =_xlfn.STDEV.S(DatiRipuliti!E2202:E2301) -> 141940.47 | F24: =_xlfn.STDEV.S(DatiRipuliti!F2202:F2301) -> 297595.58 | G24: =_xlfn.STDEV.S(DatiRipuliti!G2202:G2301) -> 30066.463 | H24: =_xlfn.STDEV.S(DatiRipuliti!H2202:H2301) -> 373523.38 | I24: =_xlfn.STDEV.S(DatiRipuliti!I2202:I2301) -> 15020.413 | ... K24: =_xlfn.STDEV.S(DatiRipuliti!K2202:K2301) -> 9633.5326
A25: 1200 | B25: =_xlfn.STDEV.S(DatiRipuliti!B2302:B2401) -> 0 | C25: =_xlfn.STDEV.S(DatiRipuliti!C2302:C2401) -> 233932.58 | D25: =_xlfn.STDEV.S(DatiRipuliti!D2302:D2401) -> 6944.9776 | E25: =_xlfn.STDEV.S(DatiRipuliti!E2302:E2401) -> 110646.78 | F25: =_xlfn.STDEV.S(DatiRipuliti!F2302:F2401) -> 312964.57 | G25: =_xlfn.STDEV.S(DatiRipuliti!G2302:G2401) -> 41176.394 | H25: =_xlfn.STDEV.S(DatiRipuliti!H2302:H2401) -> 397405.1 | I25: =_xlfn.STDEV.S(DatiRipuliti!I2302:I2401) -> 13944.902 | ... K25: =_xlfn.STDEV.S(DatiRipuliti!K2302:K2401) -> 17665.892
A26: 1250 | B26: =_xlfn.STDEV.S(DatiRipuliti!B2402:B2501) -> 0 | C26: =_xlfn.STDEV.S(DatiRipuliti!C2402:C2501) -> 265580.95 | D26: =_xlfn.STDEV.S(DatiRipuliti!D2402:D2501) -> 8507.9907 | E26: =_xlfn.STDEV.S(DatiRipuliti!E2402:E2501) -> 134732.06 | F26: =_xlfn.STDEV.S(DatiRipuliti!F2402:F2501) -> 327965.96 | G26: =_xlfn.STDEV.S(DatiRipuliti!G2402:G2501) -> 163894.7 | H26: =_xlfn.STDEV.S(DatiRipuliti!H2402:H2501) -> 418993 | I26: =_xlfn.STDEV.S(DatiRipuliti!I2402:I2501) -> 12398.416 | ... K26: =_xlfn.STDEV.S(DatiRipuliti!K2402:K2501) -> 16773.775
A27: 1300 | B27: =_xlfn.STDEV.S(DatiRipuliti!B2502:B2601) -> 0 | C27: =_xlfn.STDEV.S(DatiRipuliti!C2502:C2601) -> 306090.31 | D27: =_xlfn.STDEV.S(DatiRipuliti!D2502:D2601) -> 7919.1307 | E27: =_xlfn.STDEV.S(DatiRipuliti!E2502:E2601) -> 117209.65 | F27: =_xlfn.STDEV.S(DatiRipuliti!F2502:F2601) -> 343223.54 | G27: =_xlfn.STDEV.S(DatiRipuliti!G2502:G2601) -> 118257.69 | H27: =_xlfn.STDEV.S(DatiRipuliti!H2502:H2601) -> 437772.84 | I27: =_xlfn.STDEV.S(DatiRipuliti!I2502:I2601) -> 22062.185 | ... K27: =_xlfn.STDEV.S(DatiRipuliti!K2502:K2601) -> 24266.895
A28: 1350 | B28: =_xlfn.STDEV.S(DatiRipuliti!B2602:B2701) -> 0 | C28: =_xlfn.STDEV.S(DatiRipuliti!C2602:C2701) -> 289278.24 | D28: =_xlfn.STDEV.S(DatiRipuliti!D2602:D2701) -> 8080.8446 | E28: =_xlfn.STDEV.S(DatiRipuliti!E2602:E2701) -> 131235.8 | F28: =_xlfn.STDEV.S(DatiRipuliti!F2602:F2701) -> 358707.66 | G28: =_xlfn.STDEV.S(DatiRipuliti!G2602:G2701) -> 123434.01 | H28: =_xlfn.STDEV.S(DatiRipuliti!H2602:H2701) -> 453284.83 | I28: =_xlfn.STDEV.S(DatiRipuliti!I2602:I2701) -> 10563.391 | ... K28: =_xlfn.STDEV.S(DatiRipuliti!K2602:K2701) -> 14405.869
A29: 1400 | B29: =_xlfn.STDEV.S(DatiRipuliti!B2702:B2801) -> 0 | C29: =_xlfn.STDEV.S(DatiRipuliti!C2702:C2801) -> 288278.14 | D29: =_xlfn.STDEV.S(DatiRipuliti!D2702:D2801) -> 8303.1953 | E29: =_xlfn.STDEV.S(DatiRipuliti!E2702:E2801) -> 258108.99 | F29: =_xlfn.STDEV.S(DatiRipuliti!F2702:F2801) -> 374167.78 | G29: =_xlfn.STDEV.S(DatiRipuliti!G2702:G2801) -> 249515.7 | H29: =_xlfn.STDEV.S(DatiRipuliti!H2702:H2801) -> 472176.9 | I29: =_xlfn.STDEV.S(DatiRipuliti!I2702:I2801) -> 23858.499 | ... K29: =_xlfn.STDEV.S(DatiRipuliti!K2702:K2801) -> 11675.162
A30: 1450 | B30: =_xlfn.STDEV.S(DatiRipuliti!B2802:B2901) -> 0 | C30: =_xlfn.STDEV.S(DatiRipuliti!C2802:C2901) -> 351460.02 | D30: =_xlfn.STDEV.S(DatiRipuliti!D2802:D2901) -> 9288.7485 | E30: =_xlfn.STDEV.S(DatiRipuliti!E2802:E2901) -> 103321.75 | F30: =_xlfn.STDEV.S(DatiRipuliti!F2802:F2901) -> 389650.52 | G30: =_xlfn.STDEV.S(DatiRipuliti!G2802:G2901) -> 47168.871 | H30: =_xlfn.STDEV.S(DatiRipuliti!H2802:H2901) -> 500135.23 | I30: =_xlfn.STDEV.S(DatiRipuliti!I2802:I2901) -> 19668.666 | ... K30: =_xlfn.STDEV.S(DatiRipuliti!K2802:K2901) -> 17348.376
A31: 1500 | B31: =_xlfn.STDEV.S(DatiRipuliti!B2902:B3001) -> 0 | C31: =_xlfn.STDEV.S(DatiRipuliti!C2902:C3001) -> 354709.23 | D31: =_xlfn.STDEV.S(DatiRipuliti!D2902:D3001) -> 10796.482 | E31: =_xlfn.STDEV.S(DatiRipuliti!E2902:E3001) -> 164824.56 | F31: =_xlfn.STDEV.S(DatiRipuliti!F2902:F3001) -> 404962.79 | G31: =_xlfn.STDEV.S(DatiRipuliti!G2902:G3001) -> 125125.48 | H31: =_xlfn.STDEV.S(DatiRipuliti!H2902:H3001) -> 515423.4 | I31: =_xlfn.STDEV.S(DatiRipuliti!I2902:I3001) -> 19408.945 | ... K31: =_xlfn.STDEV.S(DatiRipuliti!K2902:K3001) -> 20396.612
A1048576: =SUM(A2:A1048575) -> 23250

Sheet Media+DevStd
A1: n | B1: BubbleSortNComp | C1: BubbleSortTns | D1: InsertionSortNComp | E1: InsertionSortTns | F1: MergeSortNComp | G1: MergeSortTns | H1: QuickSortNComp | I1: QuickSortTns | J1: QuickSortRandomNComp | K1: QuickSortRandomTns
A2: 50 | B2: =Media!B2 + DevStd!B2 -> 1225 | C2: =Media!C2 + DevStd!C2 -> 382409.08 | D2: =Media!D2 + DevStd!D2 -> 718.61725 | E2: =Media!E2 + DevStd!E2 -> 193420.11 | F2: =Media!F2 + DevStd!F2 -> 17647.01 | G2: =Media!G2 + DevStd!G2 -> 164732.72 | H2: =Media!H2 + DevStd!H2 -> 20719.237 | I2: =Media!I2 + DevStd!I2 -> 84417.992 | ... K2: =Media!K2 + DevStd!K2 -> 87535.851
A3: 100 | B3: =Media!B3 + DevStd!B3 -> 4950 | C3: =Media!C3 + DevStd!C3 -> 47803.401 | D3: =Media!D3 + DevStd!D3 -> 2756.9014 | E3: =Media!E3 + DevStd!E3 -> 47049.717 | F3: =Media!F3 + DevStd!F3 -> 65218.93 | G3: =Media!G3 + DevStd!G3 -> 60448.56 | H3: =Media!H3 + DevStd!H3 -> 78067.743 | I3: =Media!I3 + DevStd!I3 -> 21134.835 | ... K3: =Media!K3 + DevStd!K3 -> 25193.555
A4: 150 | B4: =Media!B4 + DevStd!B4 -> 11175 | C4: =Media!C4 + DevStd!C4 -> 94501.308 | D4: =Media!D4 + DevStd!D4 -> 5942.3857 | E4: =Media!E4 + DevStd!E4 -> 33533.655 | F4: =Media!F4 + DevStd!F4 -> 147728.5 | G4: =Media!G4 + DevStd!G4 -> 79880.152 | H4: =Media!H4 + DevStd!H4 -> 177199.11 | I4: =Media!I4 + DevStd!I4 -> 22000.274 | ... K4: =Media!K4 + DevStd!K4 -> 24497.936
A5: 200 | B5: =Media!B5 + DevStd!B5 -> 19900 | C5: =Media!C5 + DevStd!C5 -> 170864.88 | D5: =Media!D5 + DevStd!D5 -> 10615.082 | E5: =Media!E5 + DevStd!E5 -> 59847.52 | F5: =Media!F5 + DevStd!F5 -> 268037.52 | G5: =Media!G5 + DevStd!G5 -> 101521.36 | H5: =Media!H5 + DevStd!H5 -> 323744.65 | I5: =Media!I5 + DevStd!I5 -> 26728.327 | ... K5: =Media!K5 + DevStd!K5 -> 37526.081
A6: 250 | B6: =Media!B6 + DevStd!B6 -> 31125 | C6: =Media!C6 + DevStd!C6 -> 279214.51 | D6: =Media!D6 + DevStd!D6 -> 16470.428 | E6: =Media!E6 + DevStd!E6 -> 88253.856 | F6: =Media!F6 + DevStd!F6 -> 427658.36 | G6: =Media!G6 + DevStd!G6 -> 128659.42 | H6: =Media!H6 + DevStd!H6 -> 522027.15 | I6: =Media!I6 + DevStd!I6 -> 35349.409 | ... K6: =Media!K6 + DevStd!K6 -> 39036.529
A7: 300 | B7: =Media!B7 + DevStd!B7 -> 44850 | C7: =Media!C7 + DevStd!C7 -> 352199.48 | D7: =Media!D7 + DevStd!D7 -> 23616.558 | E7: =Media!E7 + DevStd!E7 -> 112890.03 | F7: =Media!F7 + DevStd!F7 -> 628834.67 | G7: =Media!G7 + DevStd!G7 -> 139884.88 | H7: =Media!H7 + DevStd!H7 -> 770122.53 | I7: =Media!I7 + DevStd!I7 -> 38040.084 | ... K7: =Media!K7 + DevStd!K7 -> 44507.591
A8: 350 | B8: =Media!B8 + DevStd!B8 -> 61075 | C8: =Media!C8 + DevStd!C8 -> 479218.8 | D8: =Media!D8 + DevStd!D8 -> 32076.646 | E8: =Media!E8 + DevStd!E8 -> 147379.21 | F8: =Media!F8 + DevStd!F8 -> 872636.53 | G8: =Media!G8 + DevStd!G8 -> 170286.17 | H8: =Media!H8 + DevStd!H8 -> 1071405.3 | I8: =Media!I8 + DevStd!I8 -> 45753.819 | ... K8: =Media!K8 + DevStd!K8 -> 53888.954
A9: 400 | B9: =Media!B9 + DevStd!B9 -> 79800 | C9: =Media!C9 + DevStd!C9 -> 632736.88 | D9: =Media!D9 + DevStd!D9 -> 41342.774 | E9: =Media!E9 + DevStd!E9 -> 173229.4 | F9: =Media!F9 + DevStd!F9 -> 1159811.2 | G9: =Media!G9 + DevStd!G9 -> 182667.93 | H9: =Media!H9 + DevStd!H9 -> 1430861.1 | I9: =Media!I9 + DevStd!I9 -> 54579.441 | ... K9: =Media!K9 + DevStd!K9 -> 60785.818
A10: 450 | B10: =Media!B10 + DevStd!B10 -> 101025 | C10: =Media!C10 + DevStd!C10 -> 807085.45 | D10: =Media!D10 + DevStd!D10 -> 52530.456 | E10: =Media!E10 + DevStd!E10 -> 239070.72 | F10: =Media!F10 + DevStd!F10 -> 1491325.1 | G10: =Media!G10 + DevStd!G10 -> 191081.69 | H10: =Media!H10 + DevStd!H10 -> 1845707 | I10: =Media!I10 + DevStd!I10 -> 59348.072 | ... K10: =Media!K10 + DevStd!K10 -> 66657.841
A11: 500 | B11: =Media!B11 + DevStd!B11 -> 124750 | C11: =Media!C11 + DevStd!C11 -> 1059847.2 | D11: =Media!D11 + DevStd!D11 -> 64745.503 | E11: =Media!E11 + DevStd!E11 -> 294527.72 | F11: =Media!F11 + DevStd!F11 -> 1867429.3 | G11: =Media!G11 + DevStd!G11 -> 214458.11 | H11: =Media!H11 + DevStd!H11 -> 2310035 | I11: =Media!I11 + DevStd!I11 -> 69014.507 | ... K11: =Media!K11 + DevStd!K11 -> 77382.643
A12: 550 | B12: =Media!B12 + DevStd!B12 -> 150975 | C12: =Media!C12 + DevStd!C12 -> 1265239.7 | D12: =Media!D12 + DevStd!D12 -> 77610.82 | E12: =Media!E12 + DevStd!E12 -> 332923.9 | F12: =Media!F12 + DevStd!F12 -> 2289741.2 | G12: =Media!G12 + DevStd!G12 -> 370793.48 | H12: =Media!H12 + DevStd!H12 -> 2839703.2 | I12: =Media!I12 + DevStd!I12 -> 80344.611 | ... K12: =Media!K12 + DevStd!K12 -> 80812.835
A13: 600 | B13: =Media!B13 + DevStd!B13 -> 179700 | C13: =Media!C13 + DevStd!C13 -> 1547131.3 | D13: =Media!D13 + DevStd!D13 -> 92603.761 | E13: =Media!E13 + DevStd!E13 -> 399539.73 | F13: =Media!F13 + DevStd!F13 -> 2759366.3 | G13: =Media!G13 + DevStd!G13 -> 248481.17 | H13: =Media!H13 + DevStd!H13 -> 3426288.1 | I13: =Media!I13 + DevStd!I13 -> 78937.496 | ... K13: =Media!K13 + DevStd!K13 -> 87804.467
... A31: 1500 | B31: =Media!B31 + DevStd!B31 -> 1124250 | C31: =Media!C31 + DevStd!C31 -> 10922126 | D31: =Media!D31 + DevStd!D31 -> 576835.8 | E31: =Media!E31 + DevStd!E31 -> 2204810.6 | F31: =Media!F31 + DevStd!F31 -> 19732077 | G31: =Media!G31 + DevStd!G31 -> 734489.48 | H31: =Media!H31 + DevStd!H31 -> 24881001 | I31: =Media!I31 + DevStd!I31 -> 227255.95 | ... K31: =Media!K31 + DevStd!K31 -> 250128.61
A1048576: =SUM(A2:A1048575) -> 23250

Sheet Media-DevStd
A1: n | B1: BubbleSortNComp | C1: BubbleSortTns | D1: InsertionSortNComp | E1: InsertionSortTns | F1: MergeSortNComp | G1: MergeSortTns | H1: QuickSortNComp | I1: QuickSortTns | J1: QuickSortRandomNComp | K1: QuickSortRandomTns
A2: 50 | B2: =Media!B2 - DevStd!B2 -> 1225 | C2: =Media!C2 - DevStd!C2 -> 41350.517 | D2: =Media!D2 - DevStd!D2 -> 601.22275 | E2: =Media!E2 - DevStd!E2 -> 101111.89 | F2: =Media!F2 - DevStd!F2 -> 4766.7296 | G2: =Media!G2 - DevStd!G2 -> 11657.077 | H2: =Media!H2 - DevStd!H2 -> 5550.9829 | I2: =Media!I2 - DevStd!I2 -> 2111.3013 | ... K2: =Media!K2 - DevStd!K2 -> -7297.4668
A3: 100 | B3: =Media!B3 - DevStd!B3 -> 4950 | C3: =Media!C3 - DevStd!C3 -> 39942.753 | D3: =Media!D3 - DevStd!D3 -> 2380.3786 | E3: =Media!E3 - DevStd!E3 -> 2333.3341 | F3: =Media!F3 - DevStd!F3 -> 33813.61 | G3: =Media!G3 - DevStd!G3 -> 39753.688 | H3: =Media!H3 - DevStd!H3 -> 40135.457 | I3: =Media!I3 - DevStd!I3 -> 6927.021 | ... K3: =Media!K3 - DevStd!K3 -> 8402.0496
A4: 150 | B4: =Media!B4 - DevStd!B4 -> 11175 | C4: =Media!C4 - DevStd!C4 -> 73747.177 | D4: =Media!D4 - DevStd!D4 -> 5388.1343 | E4: =Media!E4 - DevStd!E4 -> 21980.345 | F4: =Media!F4 - DevStd!F4 -> 95596.263 | G4: =Media!G4 - DevStd!G4 -> 51206.717 | H4: =Media!H4 - DevStd!H4 -> 114837.71 | I4: =Media!I4 - DevStd!I4 -> 13793.726 | ... K4: =Media!K4 - DevStd!K4 -> 17968.064
A5: 200 | B5: =Media!B5 - DevStd!B5 -> 19900 | C5: =Media!C5 - DevStd!C5 -> 127523 | D5: =Media!D5 - DevStd!D5 -> 9729.1784 | E5: =Media!E5 - DevStd!E5 -> 36518.48 | F5: =Media!F5 - DevStd!F5 -> 193708.54 | G5: =Media!G5 - DevStd!G5 -> 65710.639 | H5: =Media!H5 - DevStd!H5 -> 233440.75 | I5: =Media!I5 - DevStd!I5 -> 19791.673 | ... K5: =Media!K5 - DevStd!K5 -> 22197.919
A6: 250 | B6: =Media!B6 - DevStd!B6 -> 31125 | C6: =Media!C6 - DevStd!C6 -> 207753.49 | D6: =Media!D6 - DevStd!D6 -> 15212.632 | E6: =Media!E6 - DevStd!E6 -> 58884.144 | F6: =Media!F6 - DevStd!F6 -> 330313.8 | G6: =Media!G6 - DevStd!G6 -> 88366.583 | H6: =Media!H6 - DevStd!H6 -> 401369.43 | I6: =Media!I6 - DevStd!I6 -> 25606.591 | ... K6: =Media!K6 - DevStd!K6 -> 29913.471
A7: 300 | B7: =Media!B7 - DevStd!B7 -> 44850 | C7: =Media!C7 - DevStd!C7 -> 271888.27 | D7: =Media!D7 - DevStd!D7 -> 21817.402 | E7: =Media!E7 - DevStd!E7 -> 71033.971 | F7: =Media!F7 - DevStd!F7 -> 507131.17 | G7: =Media!G7 - DevStd!G7 -> 98603.125 | H7: =Media!H7 - DevStd!H7 -> 620124.17 | I7: =Media!I7 - DevStd!I7 -> 29981.916 | ... K7: =Media!K7 - DevStd!K7 -> 34094.409
A8: 350 | B8: =Media!B8 - DevStd!B8 -> 61075 | C8: =Media!C8 - DevStd!C8 -> 388289.2 | D8: =Media!D8 - DevStd!D8 -> 29830.514 | E8: =Media!E8 - DevStd!E8 -> 101034.79 | F8: =Media!F8 - DevStd!F8 -> 726071.79 | G8: =Media!G8 - DevStd!G8 -> 110225.83 | H8: =Media!H8 - DevStd!H8 -> 890318.26 | I8: =Media!I8 - DevStd!I8 -> 35152.181 | ... K8: =Media!K8 - DevStd!K8 -> 39999.046
A9: 400 | B9: =Media!B9 - DevStd!B9 -> 79800 | C9: =Media!C9 - DevStd!C9 -> 512229.12 | D9: =Media!D9 - DevStd!D9 -> 39035.766 | E9: =Media!E9 - DevStd!E9 -> 133496.6 | F9: =Media!F9 - DevStd!F9 -> 988033.38 | G9: =Media!G9 - DevStd!G9 -> 127854.07 | H9: =Media!H9 - DevStd!H9 -> 1215357.8 | I9: =Media!I9 - DevStd!I9 -> 43206.559 | ... K9: =Media!K9 - DevStd!K9 -> 48168.182
A10: 450 | B10: =Media!B10 - DevStd!B10 -> 101025 | C10: =Media!C10 - DevStd!C10 -> 652538.55 | D10: =Media!D10 - DevStd!D10 -> 49660.704 | E10: =Media!E10 - DevStd!E10 -> 166317.28 | F10: =Media!F10 - DevStd!F10 -> 1293677.4 | G10: =Media!G10 - DevStd!G10 -> 148254.31 | H10: =Media!H10 - DevStd!H10 -> 1600143.7 | I10: =Media!I10 - DevStd!I10 -> 47559.928 | ... K10: =Media!K10 - DevStd!K10 -> 53520.159
A11: 500 | B11: =Media!B11 - DevStd!B11 -> 124750 | C11: =Media!C11 - DevStd!C11 -> 830216.77 | D11: =Media!D11 - DevStd!D11 -> 61099.957 | E11: =Media!E11 - DevStd!E11 -> 212904.28 | F11: =Media!F11 - DevStd!F11 -> 1643884.5 | G11: =Media!G11 - DevStd!G11 -> 159781.89 | H11: =Media!H11 - DevStd!H11 -> 2034150.9 | I11: =Media!I11 - DevStd!I11 -> 53249.493 | ... K11: =Media!K11 - DevStd!K11 -> 60983.357
A12: 550 | B12: =Media!B12 - DevStd!B12 -> 150975 | C12: =Media!C12 - DevStd!C12 -> 1038114.3 | D12: =Media!D12 - DevStd!D12 -> 73585.58 | E12: =Media!E12 - DevStd!E12 -> 250632.1 | F12: =Media!F12 - DevStd!F12 -> 2039130.9 | G12: =Media!G12 - DevStd!G12 -> 69884.525 | H12: =Media!H12 - DevStd!H12 -> 2523889.9 | I12: =Media!I12 - DevStd!I12 -> 54299.389 | ... K12: =Media!K12 - DevStd!K12 -> 68375.165
A13: 600 | B13: =Media!B13 - DevStd!B13 -> 179700 | C13: =Media!C13 - DevStd!C13 -> 1261492.7 | D13: =Media!D13 - DevStd!D13 -> 87735.579 | E13: =Media!E13 - DevStd!E13 -> 287248.27 | F13: =Media!F13 - DevStd!F13 -> 2481261.1 | G13: =Media!G13 - DevStd!G13 -> 198322.83 | H13: =Media!H13 - DevStd!H13 -> 3076797.6 | I13: =Media!I13 - DevStd!I13 -> 65818.504 | ... K13: =Media!K13 - DevStd!K13 -> 73745.533
... A31: 1500 | B31: =Media!B31 - DevStd!B31 -> 1124250 | C31: =Media!C31 - DevStd!C31 -> 10212708 | D31: =Media!D31 - DevStd!D31 -> 555242.84 | E31: =Media!E31 - DevStd!E31 -> 1875161.4 | F31: =Media!F31 - DevStd!F31 -> 18922152 | G31: =Media!G31 - DevStd!G31 -> 484238.52 | H31: =Media!H31 - DevStd!H31 -> 23850154 | I31: =Media!I31 - DevStd!I31 -> 188438.05 | ... K31: =Media!K31 - DevStd!K31 -> 209335.39
A1048576: =SUM(A2:A1048575) -> 23250

Sheet ConfrontiBS
A1: n | B1: c*n^2 | C1: c*n*log(n) | D1: COSTANTE DI SCALA
A2: 50 | B2: =D2 * A2 * A2 -> 1125 | C2: =D2 * A2 * LOG(A2,2) -> 126.98676 | D2: 0.45
A3: 100 | B3: =D3 * A3 * A3 -> 4500 | C3: =D3 * A3 * LOG(A3,2) -> 298.97353 | D3: 0.45
A4: 150 | B4: =D4 * A4 * A4 -> 10125 | C4: =D4 * A4 * LOG(A4,2) -> 487.94526 | D4: 0.45
A5: 200 | B5: =D5 * A5 * A5 -> 18000 | C5: =D5 * A5 * LOG(A5,2) -> 687.94706 | D5: 0.45
A6: 250 | B6: =D6 * A6 * A6 -> 28125 | C6: =D6 * A6 * LOG(A6,2) -> 896.15073 | D6: 0.45
A7: 300 | B7: =D7 * A7 * A7 -> 40500 | C7: =D7 * A7 * LOG(A7,2) -> 1110.8905 | D7: 0.45
A8: 350 | B8: =D8 * A8 * A8 -> 55125 | C8: =D8 * A8 * LOG(A8,2) -> 1331.0658 | D8: 0.45
A9: 400 | B9: =D9 * A9 * A9 -> 72000 | C9: =D9 * A9 * LOG(A9,2) -> 1555.8941 | D9: 0.45
A10: 450 | B10: =D10 * A10 * A10 -> 91125 | C10: =D10 * A10 * LOG(A10,2) -> 1784.7907 | D10: 0.45
A11: 500 | B11: =D11 * A11 * A11 -> 112500 | C11: =D11 * A11 * LOG(A11,2) -> 2017.3015 | D11: 0.45
A12: 550 | B12: =D12 * A12 * A12 -> 136125 | C12: =D12 * A12 * LOG(A12,2) -> 2253.0637 | D12: 0.45
A13: 600 | B13: =D13 * A13 * A13 -> 162000 | C13: =D13 * A13 * LOG(A13,2) -> 2491.781 | D13: 0.45
... A31: 1500 | B31: =D31 * A31 * A31 -> 1012500 | C31: =D31 * A31 * LOG(A31,2) -> 7121.7541 | D31: 0.45
A1048576: =SUM(A2:A1048575) -> 23250

Sheet TempoBs
A1: n | B1: c*n^2 | C1: c*n*log(n) | D1: COSTANTE DI SCALA
A2: 50 | B2: =D2 * A2 * A2 -> 11750 | C2: =D2 * A2 * LOG(A2,2) -> 1326.3062 | D2: 4.7
A3: 100 | B3: =D3 * A3 * A3 -> 47000 | C3: =D3 * A3 * LOG(A3,2) -> 3122.6124 | D3: 4.7
A4: 150 | B4: =D4 * A4 * A4 -> 105750 | C4: =D4 * A4 * LOG(A4,2) -> 5096.3172 | D4: 4.7
A5: 200 | B5: =D5 * A5 * A5 -> 188000 | C5: =D5 * A5 * LOG(A5,2) -> 7185.2248 | D5: 4.7
A6: 250 | B6: =D6 * A6 * A6 -> 293750 | C6: =D6 * A6 * LOG(A6,2) -> 9359.7965 | D6: 4.7
A7: 300 | B7: =D7 * A7 * A7 -> 423000 | C7: =D7 * A7 * LOG(A7,2) -> 11602.634 | D7: 4.7
A8: 350 | B8: =D8 * A8 * A8 -> 575750 | C8: =D8 * A8 * LOG(A8,2) -> 13902.242 | D8: 4.7
A9: 400 | B9: =D9 * A9 * A9 -> 752000 | C9: =D9 * A9 * LOG(A9,2) -> 16250.45 | D9: 4.7
A10: 450 | B10: =D10 * A10 * A10 -> 951750 | C10: =D10 * A10 * LOG(A10,2) -> 18641.147 | D10: 4.7
A11: 500 | B11: =D11 * A11 * A11 -> 1175000 | C11: =D11 * A11 * LOG(A11,2) -> 21069.593 | D11: 4.7
A12: 550 | B12: =D12 * A12 * A12 -> 1421750 | C12: =D12 * A12 * LOG(A12,2) -> 23531.999 | D12: 4.7
A13: 600 | B13: =D13 * A13 * A13 -> 1692000 | C13: =D13 * A13 * LOG(A13,2) -> 26025.269 | D13: 4.7
... A31: 1500 | B31: =D31 * A31 * A31 -> 10575000 | C31: =D31 * A31 * LOG(A31,2) -> 74382.765 | D31: 4.7
A1048576: =SUM(A2:A1048575) -> 23250

Sheet ConfrontiIs
A1: n | B1: c*n^2 | C1: c*n*log(n) | D1: COSTANTE DI SCALA
A2: 50 | B2: =D2 * A2 * A2 -> 625 | C2: =D2 * A2 * LOG(A2,2) -> 70.548202 | D2: 0.25
A3: 100 | B3: =D3 * A3 * A3 -> 2500 | C3: =D3 * A3 * LOG(A3,2) -> 166.0964 | D3: 0.25
A4: 150 | B4: =D4 * A4 * A4 -> 5625 | C4: =D4 * A4 * LOG(A4,2) -> 271.0807 | D4: 0.25
A5: 200 | B5: =D5 * A5 * A5 -> 10000 | C5: =D5 * A5 * LOG(A5,2) -> 382.19281 | D5: 0.25
A6: 250 | B6: =D6 * A6 * A6 -> 15625 | C6: =D6 * A6 * LOG(A6,2) -> 497.86152 | D6: 0.25
A7: 300 | B7: =D7 * A7 * A7 -> 22500 | C7: =D7 * A7 * LOG(A7,2) -> 617.1614 | D7: 0.25
A8: 350 | B8: =D8 * A8 * A8 -> 30625 | C8: =D8 * A8 * LOG(A8,2) -> 739.48097 | D8: 0.25
A9: 400 | B9: =D9 * A9 * A9 -> 40000 | C9: =D9 * A9 * LOG(A9,2) -> 864.38562 | D9: 0.25
A10: 450 | B10: =D10 * A10 * A10 -> 50625 | C10: =D10 * A10 * LOG(A10,2) -> 991.55038 | D10: 0.25
A11: 500 | B11: =D11 * A11 * A11 -> 62500 | C11: =D11 * A11 * LOG(A11,2) -> 1120.723 | D11: 0.25
A12: 550 | B12: =D12 * A12 * A12 -> 75625 | C12: =D12 * A12 * LOG(A12,2) -> 1251.7021 | D12: 0.25
A13: 600 | B13: =D13 * A13 * A13 -> 90000 | C13: =D13 * A13 * LOG(A13,2) -> 1384.3228 | D13: 0.25
... A31: 1500 | B31: =D31 * A31 * A31 -> 562500 | C31: =D31 * A31 * LOG(A31,2) -> 3956.53 | D31: 0.25
A1048576: =SUM(A2:A1048575) -> 23250

Sheet TempoIS
A1: n | B1: c*n^2 | C1: c*n*log(n) | D1: COSTANTE DI SCALA
A2: 50 | B2: =D2 * A2 * A2 -> 2250 | C2: =D2 * A2 * LOG(A2,2) -> 253.97353 | D2: 0.9
A3: 100 | B3: =D3 * A3 * A3 -> 9000 | C3: =D3 * A3 * LOG(A3,2) -> 597.94706 | D3: 0.9
A4: 150 | B4: =D4 * A4 * A4 -> 20250 | C4: =D4 * A4 * LOG(A4,2) -> 975.89052 | D4: 0.9
A5: 200 | B5: =D5 * A5 * A5 -> 36000 | C5: =D5 * A5 * LOG(A5,2) -> 1375.8941 | D5: 0.9
A6: 250 | B6: =D6 * A6 * A6 -> 56250 | C6: =D6 * A6 * LOG(A6,2) -> 1792.3015 | D6: 0.9
A7: 300 | B7: =D7 * A7 * A7 -> 81000 | C7: =D7 * A7 * LOG(A7,2) -> 2221.781 | D7: 0.9
A8: 350 | B8: =D8 * A8 * A8 -> 110250 | C8: =D8 * A8 * LOG(A8,2) -> 2662.1315 | D8: 0.9
A9: 400 | B9: =D9 * A9 * A9 -> 144000 | C9: =D9 * A9 * LOG(A9,2) -> 3111.7882 | D9: 0.9
A10: 450 | B10: =D10 * A10 * A10 -> 182250 | C10: =D10 * A10 * LOG(A10,2) -> 3569.5814 | D10: 0.9
A11: 500 | B11: =D11 * A11 * A11 -> 225000 | C11: =D11 * A11 * LOG(A11,2) -> 4034.6029 | D11: 0.9
A12: 550 | B12: =D12 * A12 * A12 -> 272250 | C12: =D12 * A12 * LOG(A12,2) -> 4506.1275 | D12: 0.9
A13: 600 | B13: =D13 * A13 * A13 -> 324000 | C13: =D13 * A13 * LOG(A13,2) -> 4983.5621 | D13: 0.9
... A31: 1500 | B31: =D31 * A31 * A31 -> 2025000 | C31: =D31 * A31 * LOG(A31,2) -> 14243.508 | D31: 0.9
A1048576: =SUM(A2:A1048575) -> 23250

Sheet ConfrontiMS
A1: n | B1: c*n^2 | C1: c*n*log(n) | D1: COSTANTE DI SCALA
A2: 50 | B2: =D2 * A2 * A2 -> 3052500 | C2: =D2 * A2 * LOG(A2,2) -> 344557.42 | D2: 1221
A3: 100 | B3: =D3 * A3 * A3 -> 12210000 | C3: =D3 * A3 * LOG(A3,2) -> 811214.84 | D3: 1221
A4: 150 | B4: =D4 * A4 * A4 -> 27472500 | C4: =D4 * A4 * LOG(A4,2) -> 1323958.1 | D4: 1221
A5: 200 | B5: =D5 * A5 * A5 -> 48840000 | C5: =D5 * A5 * LOG(A5,2) -> 1866629.7 | D5: 1221
A6: 250 | B6: =D6 * A6 * A6 -> 76312500 | C6: =D6 * A6 * LOG(A6,2) -> 2431555.7 | D6: 1221
A7: 300 | B7: =D7 * A7 * A7 -> 109890000 | C7: =D7 * A7 * LOG(A7,2) -> 3014216.3 | D7: 1221
A8: 350 | B8: =D8 * A8 * A8 -> 149572500 | C8: =D8 * A8 * LOG(A8,2) -> 3611625.1 | D8: 1221
A9: 400 | B9: =D9 * A9 * A9 -> 195360000 | C9: =D9 * A9 * LOG(A9,2) -> 4221659.4 | D9: 1221
A10: 450 | B10: =D10 * A10 * A10 -> 247252500 | C10: =D10 * A10 * LOG(A10,2) -> 4842732.1 | D10: 1221
A11: 500 | B11: =D11 * A11 * A11 -> 305250000 | C11: =D11 * A11 * LOG(A11,2) -> 5473611.3 | D11: 1221
A12: 550 | B12: =D12 * A12 * A12 -> 369352500 | C12: =D12 * A12 * LOG(A12,2) -> 6113312.9 | D12: 1221
A13: 600 | B13: =D13 * A13 * A13 -> 439560000 | C13: =D13 * A13 * LOG(A13,2) -> 6761032.6 | D13: 1221
... A31: 1500 | B31: =D31 * A31 * A31 -> 2747250000 | C31: =D31 * A31 * LOG(A31,2) -> 19323693 | D31: 1221
A1048576: =SUM(A2:A1048575) -> 23250

Sheet TempoMS
A1: n | B1: c*n^2 | C1: c*n*log(n) | D1: COSTANTE DI SCALA
A2: 50 | B2: =D2 * A2 * A2 -> 96250 | C2: =D2 * A2 * LOG(A2,2) -> 10864.423 | D2: 38.5
A3: 100 | B3: =D3 * A3 * A3 -> 385000 | C3: =D3 * A3 * LOG(A3,2) -> 25578.846 | D3: 38.5
A4: 150 | B4: =D4 * A4 * A4 -> 866250 | C4: =D4 * A4 * LOG(A4,2) -> 41746.428 | D4: 38.5
A5: 200 | B5: =D5 * A5 * A5 -> 1540000 | C5: =D5 * A5 * LOG(A5,2) -> 58857.693 | D5: 38.5
A6: 250 | B6: =D6 * A6 * A6 -> 2406250 | C6: =D6 * A6 * LOG(A6,2) -> 76670.674 | D6: 38.5
A7: 300 | B7: =D7 * A7 * A7 -> 3465000 | C7: =D7 * A7 * LOG(A7,2) -> 95042.856 | D7: 38.5
A8: 350 | B8: =D8 * A8 * A8 -> 4716250 | C8: =D8 * A8 * LOG(A8,2) -> 113880.07 | D8: 38.5
A9: 400 | B9: =D9 * A9 * A9 -> 6160000 | C9: =D9 * A9 * LOG(A9,2) -> 133115.39 | D9: 38.5
A10: 450 | B10: =D10 * A10 * A10 -> 7796250 | C10: =D10 * A10 * LOG(A10,2) -> 152698.76 | D10: 38.5
A11: 500 | B11: =D11 * A11 * A11 -> 9625000 | C11: =D11 * A11 * LOG(A11,2) -> 172591.35 | D11: 38.5
A12: 550 | B12: =D12 * A12 * A12 -> 11646250 | C12: =D12 * A12 * LOG(A12,2) -> 192762.12 | D12: 38.5
A13: 600 | B13: =D13 * A13 * A13 -> 13860000 | C13: =D13 * A13 * LOG(A13,2) -> 213185.71 | D13: 38.5
... A31: 1500 | B31: =D31 * A31 * A31 -> 86625000 | C31: =D31 * A31 * LOG(A31,2) -> 609305.63 | D31: 38.5
A1048576: =SUM(A2:A1048575) -> 23250

Sheet ConfrontiQS
A1: n | B1: c*n^2 | C1: c*n*log(n) | D1: COSTANTE DI SCALA
A2: 50 | B2: =D2 * A2 * A2 -> 3777500 | C2: =D2 * A2 * LOG(A2,2) -> 426393.34 | D2: 1511
A3: 100 | B3: =D3 * A3 * A3 -> 15110000 | C3: =D3 * A3 * LOG(A3,2) -> 1003886.7 | D3: 1511
A4: 150 | B4: =D4 * A4 * A4 -> 33997500 | C4: =D4 * A4 * LOG(A4,2) -> 1638411.8 | D4: 1511
A5: 200 | B5: =D5 * A5 * A5 -> 60440000 | C5: =D5 * A5 * LOG(A5,2) -> 2309973.3 | D5: 1511
A6: 250 | B6: =D6 * A6 * A6 -> 94437500 | C6: =D6 * A6 * LOG(A6,2) -> 3009075 | D6: 1511
A7: 300 | B7: =D7 * A7 * A7 -> 135990000 | C7: =D7 * A7 * LOG(A7,2) -> 3730123.5 | D7: 1511
A8: 350 | B8: =D8 * A8 * A8 -> 185097500 | C8: =D8 * A8 * LOG(A8,2) -> 4469423 | D8: 1511
A9: 400 | B9: =D9 * A9 * A9 -> 241760000 | C9: =D9 * A9 * LOG(A9,2) -> 5224346.7 | D9: 1511
A10: 450 | B10: =D10 * A10 * A10 -> 305977500 | C10: =D10 * A10 * LOG(A10,2) -> 5992930.5 | D10: 1511
A11: 500 | B11: =D11 * A11 * A11 -> 377750000 | C11: =D11 * A11 * LOG(A11,2) -> 6773650 | D11: 1511
A12: 550 | B12: =D12 * A12 * A12 -> 457077500 | C12: =D12 * A12 * LOG(A12,2) -> 7565287.3 | D12: 1511
A13: 600 | B13: =D13 * A13 * A13 -> 543960000 | C13: =D13 * A13 * LOG(A13,2) -> 8366847 | D13: 1511
... A31: 1500 | B31: =D31 * A31 * A31 -> 3399750000 | C31: =D31 * A31 * LOG(A31,2) -> 23913268 | D31: 1511
A1048576: =SUM(A2:A1048575) -> 23250

Sheet TempoQS
A1: n | B1: c*n^2 | C1: c*n*log(n) | D1: COSTANTE DI SCALA
A2: 50 | B2: =D2 * A2 * A2 -> 32750 | C2: =D2 * A2 * LOG(A2,2) -> 3696.7258 | D2: 13.1
A3: 100 | B3: =D3 * A3 * A3 -> 131000 | C3: =D3 * A3 * LOG(A3,2) -> 8703.4516 | D3: 13.1
A4: 150 | B4: =D4 * A4 * A4 -> 294750 | C4: =D4 * A4 * LOG(A4,2) -> 14204.629 | D4: 13.1
A5: 200 | B5: =D5 * A5 * A5 -> 524000 | C5: =D5 * A5 * LOG(A5,2) -> 20026.903 | D5: 13.1
A6: 250 | B6: =D6 * A6 * A6 -> 818750 | C6: =D6 * A6 * LOG(A6,2) -> 26087.944 | D6: 13.1
A7: 300 | B7: =D7 * A7 * A7 -> 1179000 | C7: =D7 * A7 * LOG(A7,2) -> 32339.257 | D7: 13.1
A8: 350 | B8: =D8 * A8 * A8 -> 1604750 | C8: =D8 * A8 * LOG(A8,2) -> 38748.803 | D8: 13.1
A9: 400 | B9: =D9 * A9 * A9 -> 2096000 | C9: =D9 * A9 * LOG(A9,2) -> 45293.806 | D9: 13.1
A10: 450 | B10: =D10 * A10 * A10 -> 2652750 | C10: =D10 * A10 * LOG(A10,2) -> 51957.24 | D10: 13.1
A11: 500 | B11: =D11 * A11 * A11 -> 3275000 | C11: =D11 * A11 * LOG(A11,2) -> 58725.887 | D11: 13.1
A12: 550 | B12: =D12 * A12 * A12 -> 3962750 | C12: =D12 * A12 * LOG(A12,2) -> 65589.189 | D12: 13.1
A13: 600 | B13: =D13 * A13 * A13 -> 4716000 | C13: =D13 * A13 * LOG(A13,2) -> 72538.515 | D13: 13.1
... A31: 1500 | B31: =D31 * A31 * A31 -> 29475000 | C31: =D31 * A31 * LOG(A31,2) -> 207322.17 | D31: 13.1
A1048576: =SUM(A2:A1048575) -> 23250

Sheet ConfrontiQSR
A1: n | B1: c*n^2 | C1: c*n*log(n) | D1: COSTANTE DI SCALA
A2: 50 | B2: =D2 * A2 * A2 -> 3840000 | C2: =D2 * A2 * LOG(A2,2) -> 433448.16 | D2: 1536
A3: 100 | B3: =D3 * A3 * A3 -> 15360000 | C3: =D3 * A3 * LOG(A3,2) -> 1020496.3 | D3: 1536
A4: 150 | B4: =D4 * A4 * A4 -> 34560000 | C4: =D4 * A4 * LOG(A4,2) -> 1665519.8 | D4: 1536
A5: 200 | B5: =D5 * A5 * A5 -> 61440000 | C5: =D5 * A5 * LOG(A5,2) -> 2348192.6 | D5: 1536
A6: 250 | B6: =D6 * A6 * A6 -> 96000000 | C6: =D6 * A6 * LOG(A6,2) -> 3058861.2 | D6: 1536
A7: 300 | B7: =D7 * A7 * A7 -> 138240000 | C7: =D7 * A7 * LOG(A7,2) -> 3791839.7 | D7: 1536
A8: 350 | B8: =D8 * A8 * A8 -> 188160000 | C8: =D8 * A8 * LOG(A8,2) -> 4543371.1 | D8: 1536
A9: 400 | B9: =D9 * A9 * A9 -> 245760000 | C9: =D9 * A9 * LOG(A9,2) -> 5310785.2 | D9: 1536
A10: 450 | B10: =D10 * A10 * A10 -> 311040000 | C10: =D10 * A10 * LOG(A10,2) -> 6092085.6 | D10: 1536
A11: 500 | B11: =D11 * A11 * A11 -> 384000000 | C11: =D11 * A11 * LOG(A11,2) -> 6885722.3 | D11: 1536
A12: 550 | B12: =D12 * A12 * A12 -> 464640000 | C12: =D12 * A12 * LOG(A12,2) -> 7690457.5 | D12: 1536
A13: 600 | B13: =D13 * A13 * A13 -> 552960000 | C13: =D13 * A13 * LOG(A13,2) -> 8505279.3 | D13: 1536
... A31: 1500 | B31: =D31 * A31 * A31 -> 3456000000 | C31: =D31 * A31 * LOG(A31,2) -> 24308921 | D31: 1536
A1048576: =SUM(A2:A1048575) -> 23250

Sheet TempoQSR
A1: n | B1: c*n^2 | C1: c*n*log(n) | D1: COSTANTE DI SCALA
A2: 50 | B2: =D2 * A2 * A2 -> 36250 | C2: =D2 * A2 * LOG(A2,2) -> 4091.7957 | D2: 14.5
A3: 100 | B3: =D3 * A3 * A3 -> 145000 | C3: =D3 * A3 * LOG(A3,2) -> 9633.5915 | D3: 14.5
A4: 150 | B4: =D4 * A4 * A4 -> 326250 | C4: =D4 * A4 * LOG(A4,2) -> 15722.681 | D4: 14.5
A5: 200 | B5: =D5 * A5 * A5 -> 580000 | C5: =D5 * A5 * LOG(A5,2) -> 22167.183 | D5: 14.5
A6: 250 | B6: =D6 * A6 * A6 -> 906250 | C6: =D6 * A6 * LOG(A6,2) -> 28875.968 | D6: 14.5
A7: 300 | B7: =D7 * A7 * A7 -> 1305000 | C7: =D7 * A7 * LOG(A7,2) -> 35795.361 | D7: 14.5
A8: 350 | B8: =D8 * A8 * A8 -> 1776250 | C8: =D8 * A8 * LOG(A8,2) -> 42889.896 | D8: 14.5
A9: 400 | B9: =D9 * A9 * A9 -> 2320000 | C9: =D9 * A9 * LOG(A9,2) -> 50134.366 | D9: 14.5
A10: 450 | B10: =D10 * A10 * A10 -> 2936250 | C10: =D10 * A10 * LOG(A10,2) -> 57509.922 | D10: 14.5
A11: 500 | B11: =D11 * A11 * A11 -> 3625000 | C11: =D11 * A11 * LOG(A11,2) -> 65001.936 | D11: 14.5
A12: 550 | B12: =D12 * A12 * A12 -> 4386250 | C12: =D12 * A12 * LOG(A12,2) -> 72598.72 | D12: 14.5
A13: 600 | B13: =D13 * A13 * A13 -> 5220000 | C13: =D13 * A13 * LOG(A13,2) -> 80290.723 | D13: 14.5
... A31: 1500 | B31: =D31 * A31 * A31 -> 32625000 | C31: =D31 * A31 * LOG(A31,2) -> 229478.74 | D31: 14.5
A1048576: =SUM(A2:A1048575) -> 23250

Sheet TNS MergeSort VS QuickSort
A1: n | B1: c*n^2 | C1: c*n*log(n) | D1: COSTANTE DI SCALA
A2: 50 | B2: =D2 * A2 * A2 -> 32750 | C2: =D2 * A2 * LOG(A2,2) -> 3696.7258 | D2: 13.1
A3: 100 | B3: =D3 * A3 * A3 -> 131000 | C3: =D3 * A3 * LOG(A3,2) -> 8703.4516 | D3: 13.1
A4: 150 | B4: =D4 * A4 * A4 -> 294750 | C4: =D4 * A4 * LOG(A4,2) -> 14204.629 | D4: 13.1
A5: 200 | B5: =D5 * A5 * A5 -> 524000 | C5: =D5 * A5 * LOG(A5,2) -> 20026.903 | D5: 13.1
A6: 250 | B6: =D6 * A6 * A6 -> 818750 | C6: =D6 * A6 * LOG(A6,2) -> 26087.944 | D6: 13.1
A7: 300 | B7: =D7 * A7 * A7 -> 1179000 | C7: =D7 * A7 * LOG(A7,2) -> 32339.257 | D7: 13.1
A8: 350 | B8: =D8 * A8 * A8 -> 1604750 | C8: =D8 * A8 * LOG(A8,2) -> 38748.803 | D8: 13.1
A9: 400 | B9: =D9 * A9 * A9 -> 2096000 | C9: =D9 * A9 * LOG(A9,2) -> 45293.806 | D9: 13.1
A10: 450 | B10: =D10 * A10 * A10 -> 2652750 | C10: =D10 * A10 * LOG(A10,2) -> 51957.24 | D10: 13.1
A11: 500 | B11: =D11 * A11 * A11 -> 3275000 | C11: =D11 * A11 * LOG(A11,2) -> 58725.887 | D11: 13.1
A12: 550 | B12: =D12 * A12 * A12 -> 3962750 | C12: =D12 * A12 * LOG(A12,2) -> 65589.189 | D12: 13.1
A13: 600 | B13: =D13 * A13 * A13 -> 4716000 | C13: =D13 * A13 * LOG(A13,2) -> 72538.515 | D13: 13.1
... A31: 1500 | B31: =D31 * A31 * A31 -> 29475000 | C31: =D31 * A31 * LOG(A31,2) -> 207322.17 | D31: 13.1

Sheet TNS QuickSort VS QuickSortRando
A1: n | B1: c*n^2 | C1: c*n*log(n) | D1: COSTANTE DI SCALA
A2: 50 | B2: =D2 * A2 * A2 -> 32750 | C2: =D2 * A2 * LOG(A2,2) -> 3696.7258 | D2: 13.1
A3: 100 | B3: =D3 * A3 * A3 -> 131000 | C3: =D3 * A3 * LOG(A3,2) -> 8703.4516 | D3: 13.1
A4: 150 | B4: =D4 * A4 * A4 -> 294750 | C4: =D4 * A4 * LOG(A4,2) -> 14204.629 | D4: 13.1
A5: 200 | B5: =D5 * A5 * A5 -> 524000 | C5: =D5 * A5 * LOG(A5,2) -> 20026.903 | D5: 13.1
A6: 250 | B6: =D6 * A6 * A6 -> 818750 | C6: =D6 * A6 * LOG(A6,2) -> 26087.944 | D6: 13.1
A7: 300 | B7: =D7 * A7 * A7 -> 1179000 | C7: =D7 * A7 * LOG(A7,2) -> 32339.257 | D7: 13.1
A8: 350 | B8: =D8 * A8 * A8 -> 1604750 | C8: =D8 * A8 * LOG(A8,2) -> 38748.803 | D8: 13.1
A9: 400 | B9: =D9 * A9 * A9 -> 2096000 | C9: =D9 * A9 * LOG(A9,2) -> 45293.806 | D9: 13.1
A10: 450 | B10: =D10 * A10 * A10 -> 2652750 | C10: =D10 * A10 * LOG(A10,2) -> 51957.24 | D10: 13.1
A11: 500 | B11: =D11 * A11 * A11 -> 3275000 | C11: =D11 * A11 * LOG(A11,2) -> 58725.887 | D11: 13.1
A12: 550 | B12: =D12 * A12 * A12 -> 3962750 | C12: =D12 * A12 * LOG(A12,2) -> 65589.189 | D12: 13.1
A13: 600 | B13: =D13 * A13 * A13 -> 4716000 | C13: =D13 * A13 * LOG(A13,2) -> 72538.515 | D13: 13.1
... A31: 1500 | B31: =D31 * A31 * A31 -> 29475000 | C31: =D31 * A31 * LOG(A31,2) -> 207322.17 | D31: 13.1

Sheet TNS MergeSort vs BubbleSort
A1: n | B1: c*n^2 | C1: c*n*log(n) | D1: COSTANTE MS | E1: COSTANTE BS
A2: 50 | B2: =E2 * A2 * A2 -> 11750 | C2: =D2 * A2 * LOG(A2,2) -> 10864.423 | D2: 38.5 | E2: 4.7
A3: 100 | B3: =E3 * A3 * A3 -> 47000 | C3: =D3 * A3 * LOG(A3,2) -> 25578.846 | D3: 38.5 | E3: 4.7
A4: 150 | B4: =E4 * A4 * A4 -> 105750 | C4: =D4 * A4 * LOG(A4,2) -> 41746.428 | D4: 38.5 | E4: 4.7
A5: 200 | B5: =E5 * A5 * A5 -> 188000 | C5: =D5 * A5 * LOG(A5,2) -> 58857.693 | D5: 38.5 | E5: 4.7
A6: 250 | B6: =E6 * A6 * A6 -> 293750 | C6: =D6 * A6 * LOG(A6,2) -> 76670.674 | D6: 38.5 | E6: 4.7
A7: 300 | B7: =E7 * A7 * A7 -> 423000 | C7: =D7 * A7 * LOG(A7,2) -> 95042.856 | D7: 38.5 | E7: 4.7
A8: 350 | B8: =E8 * A8 * A8 -> 575750 | C8: =D8 * A8 * LOG(A8,2) -> 113880.07 | D8: 38.5 | E8: 4.7
A9: 400 | B9: =E9 * A9 * A9 -> 752000 | C9: =D9 * A9 * LOG(A9,2) -> 133115.39 | D9: 38.5 | E9: 4.7
A10: 450 | B10: =E10 * A10 * A10 -> 951750 | C10: =D10 * A10 * LOG(A10,2) -> 152698.76 | D10: 38.5 | E10: 4.7
A11: 500 | B11: =E11 * A11 * A11 -> 1175000 | C11: =D11 * A11 * LOG(A11,2) -> 172591.35 | D11: 38.5 | E11: 4.7
A12: 550 | B12: =E12 * A12 * A12 -> 1421750 | C12: =D12 * A12 * LOG(A12,2) -> 192762.12 | D12: 38.5 | E12: 4.7
A13: 600 | B13: =E13 * A13 * A13 -> 1692000 | C13: =D13 * A13 * LOG(A13,2) -> 213185.71 | D13: 38.5 | E13: 4.7
... A31: 1500 | B31: =E31 * A31 * A31 -> 10575000 | C31: =D31 * A31 * LOG(A31,2) -> 609305.63 | D31: 38.5 | E31: 4.7
